ticket,order,time,time_msc,type,entry,magic,position_id,reason,volume,price,commission,swap,profit,fee,symbol,comment,external_id
687915045,1902036766,2025-01-03 02:46:42,1735872402596,1,0,0,1902036766,1,0.02,2660.356,0.0,0.0,0.0,0.0,XAUUSDm,,
687915318,1902037055,2025-01-03 02:47:53,1735872473324,1,0,0,1902037055,1,0.02,2660.407,0.0,0.0,0.0,0.0,XAUUSDm,,
687916491,1902038230,2025-01-03 02:53:34,1735872814299,1,0,0,1902038230,1,0.02,2660.782,0.0,0.0,0.0,0.0,XAUUSDm,,
687916575,1902036820,2025-01-03 02:54:06,1735872846375,1,0,0,1902036820,0,0.02,2661.4,0.0,0.0,0.0,0.0,XAUUSDm,,proactive
687918372,1902036907,2025-01-03 02:58:33,1735873113570,1,0,0,1902036907,0,0.02,2662.4,0.0,0.0,0.0,0.0,XAUUSDm,,proactive
687926527,1902047846,2025-01-03 03:20:04,1735874404435,0,1,0,1902036766,6,0.02,2664.954,0.0,0.0,-9.2,0.0,XAUUSDm,[so 0.00%/-0.11/0.00],
687926529,1902047848,2025-01-03 03:20:04,1735874404438,0,1,0,1902037055,6,0.02,2664.954,0.0,0.0,-9.1,0.0,XAUUSDm,[so 0.00%/-0.11/0.00],
687926530,1902047849,2025-01-03 03:20:04,1735874404439,0,1,0,1902038230,6,0.02,2664.954,0.0,0.0,-8.35,0.0,XAUUSDm,[so 0.00%/-0.11/0.00],
687926531,1902047850,2025-01-03 03:20:04,1735874404440,0,1,0,1902036820,6,0.02,2664.954,0.0,0.0,-7.11,0.0,XAUUSDm,[so 0.00%/-0.11/0.00],
687926532,1902047851,2025-01-03 03:20:04,1735874404441,0,1,0,1902036907,6,0.02,2664.954,0.0,0.0,-5.11,0.0,XAUUSDm,[so 0.00%/-0.11/0.00],
688158006,1902285389,2025-01-03 10:17:29,1735899449266,0,0,0,1902285389,1,0.02,2656.1150000000002,0.0,0.0,0.0,0.0,XAUUSDm,,
688158145,1902285527,2025-01-03 10:17:35,1735899455645,0,0,0,1902285527,1,0.02,2656.0570000000002,0.0,0.0,0.0,0.0,XAUUSDm,,
688159796,1902287177,2025-01-03 10:19:00,1735899540305,0,0,0,1902287177,1,0.02,2656.224,0.0,0.0,0.0,0.0,XAUUSDm,,
688175689,1902303388,2025-01-03 10:38:08,1735900688160,0,0,0,1902303388,1,0.02,2653.861,0.0,0.0,0.0,0.0,XAUUSDm,,
688175832,1902303548,2025-01-03 10:38:20,1735900700319,0,0,0,1902303548,1,0.02,2653.596,0.0,0.0,0.0,0.0,XAUUSDm,,
688286904,1902460701,2025-01-03 13:20:21,1735910421304,1,1,0,1902287177,6,0.02,2651.268,0.0,0.0,-9.91,0.0,XAUUSDm,[so 0.00%/-0.24/0.00],
688286905,1902460702,2025-01-03 13:20:21,1735910421305,1,1,0,1902285389,6,0.02,2651.268,0.0,0.0,-9.69,0.0,XAUUSDm,[so 0.00%/-0.24/0.00],
688286906,1902460703,2025-01-03 13:20:21,1735910421306,1,1,0,1902285527,6,0.02,2651.268,0.0,0.0,-9.57,0.0,XAUUSDm,[so 0.00%/-0.24/0.00],
688286907,1902460704,2025-01-03 13:20:21,1735910421308,1,1,0,1902303388,6,0.02,2651.268,0.0,0.0,-5.18,0.0,XAUUSDm,[so 0.00%/-0.24/0.00],
688286908,1902460705,2025-01-03 13:20:21,1735910421309,1,1,0,1902303548,6,0.02,2651.268,0.0,0.0,-4.65,0.0,XAUUSDm,[so 0.00%/-0.24/0.00],
707447636,1930679923,2025-01-22 13:17:04,1737551824435,1,0,0,1930679923,1,0.02,2759.4900000000002,0.0,0.0,0.0,0.0,XAUUSDm,,
707447694,1930679990,2025-01-22 13:17:09,1737551829914,1,0,0,1930679990,1,0.02,2759.179,0.0,0.0,0.0,0.0,XAUUSDm,,
707448433,1930680788,2025-01-22 13:17:48,1737551868360,1,0,0,1930680788,1,0.01,2759.79,0.0,0.0,0.0,0.0,XAUUSDm,,
707536393,1930770333,2025-01-22 13:52:51,1737553971831,1,0,0,1930770333,1,0.02,2755.367,0.0,0.0,0.0,0.0,XAUUSDm,,
707539752,1930773557,2025-01-22 13:53:45,1737554025179,1,0,0,1930773557,1,0.02,2756.299,0.0,0.0,0.0,0.0,XAUUSDm,,
707546915,1930690248,2025-01-22 13:56:44,1737554204706,1,0,0,1930690248,0,0.02,2757.4,0.0,0.0,0.0,0.0,XAUUSDm,,proactive
707555894,1930790220,2025-01-22 14:01:41,1737554501725,1,0,0,1930790220,1,0.02,2757.793,0.0,0.0,0.0,0.0,XAUUSDm,,
707755628,1931004477,2025-01-22 15:59:56,1737561596333,1,0,0,1931004477,1,0.02,2759.375,0.0,0.0,0.0,0.0,XAUUSDm,,
708163501,0,2025-01-23 06:10:24,1737612624213,0,1,0,1930679990,4,0.02,2753.8,0.0,0.0,10.76,0.0,XAUUSDm,[sl 2753.80000],proactive
708163503,0,2025-01-23 06:10:24,1737612624213,0,1,0,1930770333,4,0.02,2753.8,0.0,0.0,3.13,0.0,XAUUSDm,[sl 2753.80000],proactive
708163504,0,2025-01-23 06:10:24,1737612624213,0,1,0,1930773557,4,0.02,2753.8,0.0,0.0,5.0,0.0,XAUUSDm,[sl 2753.80000],proactive
708163505,0,2025-01-23 06:10:24,1737612624213,0,1,0,1930690248,4,0.02,2753.8,0.0,0.0,7.2,0.0,XAUUSDm,[sl 2753.80000],proactive
708163507,0,2025-01-23 06:10:24,1737612624213,0,1,0,1931004477,4,0.02,2753.8,0.0,0.0,11.15,0.0,XAUUSDm,[sl 2753.80000],proactive
708163508,0,2025-01-23 06:10:24,1737612624213,0,1,0,1930680788,4,0.01,2753.8,0.0,0.0,5.99,0.0,XAUUSDm,[sl 2753.80000],proactive
708163509,0,2025-01-23 06:10:24,1737612624213,0,1,0,1930679923,4,0.02,2753.8,0.0,0.0,11.38,0.0,XAUUSDm,[sl 2753.80000],proactive
708163510,0,2025-01-23 06:10:24,1737612624213,0,1,0,1930790220,4,0.02,2753.8,0.0,0.0,7.99,0.0,XAUUSDm,[sl 2753.80000],proactive
708494332,1931714577,2025-01-23 10:55:09,1737629709851,1,0,0,1931714577,0,0.02,2752.4,0.0,0.0,0.0,0.0,XAUUSDm,,proactive
708495334,1931795506,2025-01-23 10:55:22,1737629722461,1,0,0,1931795506,1,0.02,2752.205,0.0,0.0,0.0,0.0,XAUUSDm,,
708511833,1931730573,2025-01-23 11:02:54,1737630174346,1,0,0,1931730573,0,0.02,2753.4,0.0,0.0,0.0,0.0,XAUUSDm,,proactive
708518994,1931819162,2025-01-23 11:06:16,1737630376973,1,0,0,1931819162,1,0.02,2752.751,0.0,0.0,0.0,0.0,XAUUSDm,,
708521970,1931822226,2025-01-23 11:08:07,1737630487800,1,0,0,1931822226,1,0.02,2751.976,0.0,0.0,0.0,0.0,XAUUSDm,,
708533512,1931834189,2025-01-23 11:16:46,1737631006263,1,0,0,1931834189,1,0.02,2751.516,0.0,0.0,0.0,0.0,XAUUSDm,,
708553800,1931853857,2025-01-23 11:31:08,1737631868402,1,0,0,1931853857,1,0.02,2753.692,0.0,0.0,0.0,0.0,XAUUSDm,,
708836265,1932154568,2025-01-23 14:03:14,1737640994371,1,0,0,1932154568,1,0.02,2741.3740000000003,0.0,0.0,0.0,0.0,XAUUSDm,,
708836594,1932154943,2025-01-23 14:03:26,1737641006007,1,0,0,1932154943,1,0.02,2741.117,0.0,0.0,0.0,0.0,XAUUSDm,,
708840094,1932158486,2025-01-23 14:05:09,1737641109222,1,0,0,1932158486,1,0.02,2743.2670000000003,0.0,0.0,0.0,0.0,XAUUSDm,,
708888733,0,2025-01-23 14:31:41,1737642701162,0,1,0,1931795506,4,0.02,2746.8,0.0,0.0,10.81,0.0,XAUUSDm,[sl 2746.80000],proactive
708888742,0,2025-01-23 14:31:41,1737642701162,0,1,0,1931853857,4,0.02,2746.8,0.0,0.0,13.78,0.0,XAUUSDm,[sl 2746.80000],proactive
708888750,0,2025-01-23 14:31:41,1737642701162,0,1,0,1931822226,4,0.02,2746.8,0.0,0.0,10.35,0.0,XAUUSDm,[sl 2746.80000],proactive
708888754,0,2025-01-23 14:31:41,1737642701162,0,1,0,1932154943,4,0.02,2746.8,0.0,0.0,-11.37,0.0,XAUUSDm,[sl 2746.80000],proactive
708888755,0,2025-01-23 14:31:41,1737642701162,0,1,0,1931819162,4,0.02,2746.8,0.0,0.0,11.9,0.0,XAUUSDm,[sl 2746.80000],proactive
708888756,0,2025-01-23 14:31:41,1737642701162,0,1,0,1931834189,4,0.02,2746.8,0.0,0.0,9.43,0.0,XAUUSDm,[sl 2746.80000],proactive
708888758,0,2025-01-23 14:31:41,1737642701162,0,1,0,1931714577,4,0.02,2746.8,0.0,0.0,11.2,0.0,XAUUSDm,[sl 2746.80000],proactive
708888761,0,2025-01-23 14:31:41,1737642701162,0,1,0,1932158486,4,0.02,2746.8,0.0,0.0,-7.07,0.0,XAUUSDm,[sl 2746.80000],proactive
708888763,0,2025-01-23 14:31:41,1737642701162,0,1,0,1931730573,4,0.02,2746.8,0.0,0.0,13.2,0.0,XAUUSDm,[sl 2746.80000],proactive
708889646,0,2025-01-23 14:31:53,1737642713867,0,1,0,1932154568,4,0.02,2746.9,0.0,0.0,-11.05,0.0,XAUUSDm,[sl 2746.90000],proactive
708902106,1932222439,2025-01-23 14:35:25,1737642925414,1,0,0,1932222439,1,0.02,2744.971,0.0,0.0,0.0,0.0,XAUUSDm,,
708902687,1932223008,2025-01-23 14:35:33,1737642933412,1,0,0,1932223008,1,0.02,2745.244,0.0,0.0,0.0,0.0,XAUUSDm,,
708903372,1932223767,2025-01-23 14:35:48,1737642948029,1,0,0,1932223767,1,0.02,2745.5660000000003,0.0,0.0,0.0,0.0,XAUUSDm,,
708904957,1932225442,2025-01-23 14:36:34,1737642994406,1,0,0,1932225442,1,0.02,2745.647,0.0,0.0,0.0,0.0,XAUUSDm,,
708906121,1932226666,2025-01-23 14:37:03,1737643023528,1,0,0,1932226666,1,0.02,2744.513,0.0,0.0,0.0,0.0,XAUUSDm,,
709017887,1932354229,2025-01-23 15:21:36,1737645696434,0,1,0,1932222439,1,0.02,2742.685,0.0,0.0,4.57,0.0,XAUUSDm,,
709018124,1932354489,2025-01-23 15:21:44,1737645704927,0,1,0,1932223008,1,0.02,2742.975,0.0,0.0,4.54,0.0,XAUUSDm,,
709018379,1932354767,2025-01-23 15:21:51,1737645711450,0,1,0,1932223767,1,0.02,2742.636,0.0,0.0,5.86,0.0,XAUUSDm,,
709018534,1932354925,2025-01-23 15:21:57,1737645717958,0,1,0,1932226666,1,0.02,2742.6440000000002,0.0,0.0,3.74,0.0,XAUUSDm,,
709018688,1932355089,2025-01-23 15:22:04,1737645724623,0,1,0,1932225442,1,0.02,2742.66,0.0,0.0,5.97,0.0,XAUUSDm,,
709124391,1932468021,2025-01-23 16:17:26,1737649046335,1,0,0,1932468021,1,0.02,2749.92,0.0,0.0,0.0,0.0,XAUUSDm,,
709125194,1932468835,2025-01-23 16:17:47,1737649067455,1,0,0,1932468835,1,0.02,2749.748,0.0,0.0,0.0,0.0,XAUUSDm,,
709126509,1932468680,2025-01-23 16:18:31,1737649111908,1,0,0,1932468680,0,0.02,2750.4,0.0,0.0,0.0,0.0,XAUUSDm,,proactive
709127198,1932470878,2025-01-23 16:18:40,1737649120500,1,0,0,1932470878,1,0.02,2750.658,0.0,0.0,0.0,0.0,XAUUSDm,,
709128980,1932469170,2025-01-23 16:19:05,1737649145114,1,0,0,1932469170,0,0.02,2751.4,0.0,0.0,0.0,0.0,XAUUSDm,,proactive
709135639,1932479146,2025-01-23 16:21:06,1737649266858,1,0,0,1932479146,1,0.02,2751.005,0.0,0.0,0.0,0.0,XAUUSDm,,
709178595,0,2025-01-23 16:45:02,1737650702168,0,1,0,1932479146,4,0.02,2754.8,0.0,0.0,-7.59,0.0,XAUUSDm,[sl 2754.80000],proactive
709178602,0,2025-01-23 16:45:02,1737650702168,0,1,0,1932468680,4,0.02,2754.8,0.0,0.0,-8.8,0.0,XAUUSDm,[sl 2754.80000],proactive
709178604,0,2025-01-23 16:45:02,1737650702168,0,1,0,1932469170,4,0.02,2754.8,0.0,0.0,-6.8,0.0,XAUUSDm,[sl 2754.80000],proactive
709178608,0,2025-01-23 16:45:02,1737650702168,0,1,0,1932468835,4,0.02,2754.8,0.0,0.0,-10.1,0.0,XAUUSDm,[sl 2754.80000],proactive
709178610,0,2025-01-23 16:45:02,1737650702168,0,1,0,1932468021,4,0.02,2754.8,0.0,0.0,-9.76,0.0,XAUUSDm,[sl 2754.80000],proactive
709178614,0,2025-01-23 16:45:02,1737650702168,0,1,0,1932470878,4,0.02,2754.8,0.0,0.0,-8.28,0.0,XAUUSDm,[sl 2754.80000],proactive
709223303,1932573302,2025-01-23 17:06:07,1737651967046,1,0,0,1932573302,1,0.02,2753.905,0.0,0.0,0.0,0.0,XAUUSDm,,
709223538,1932573539,2025-01-23 17:06:14,1737651974229,1,0,0,1932573539,1,0.02,2753.714,0.0,0.0,0.0,0.0,XAUUSDm,,
709223653,1932573650,2025-01-23 17:06:19,1737651979272,1,0,0,1932573650,1,0.02,2753.7200000000003,0.0,0.0,0.0,0.0,XAUUSDm,,
709223871,1932573870,2025-01-23 17:06:28,1737651988221,1,0,0,1932573870,1,0.02,2753.804,0.0,0.0,0.0,0.0,XAUUSDm,,
709224002,1932573996,2025-01-23 17:06:32,1737651992638,1,0,0,1932573996,1,0.02,2753.9990000000003,0.0,0.0,0.0,0.0,XAUUSDm,,
709502946,1932929991,2025-01-23 23:20:47,1737674447942,1,0,0,1932929991,1,0.02,2753.976,0.0,0.0,0.0,0.0,XAUUSDm,,
709504192,1932931951,2025-01-23 23:27:40,1737674860025,1,0,0,1932931951,1,0.02,2754.305,0.0,0.0,0.0,0.0,XAUUSDm,,
709511957,0,2025-01-24 00:06:57,1737677217720,0,1,0,1932931951,4,0.02,2755.8,0.0,0.0,-2.99,0.0,XAUUSDm,[sl 2755.80000],proactive
709511959,0,2025-01-24 00:06:57,1737677217720,0,1,0,1932573870,4,0.02,2755.8,0.0,0.0,-3.99,0.0,XAUUSDm,[sl 2755.80000],proactive
709511960,0,2025-01-24 00:06:57,1737677217720,0,1,0,1932929991,4,0.02,2755.8,0.0,0.0,-3.65,0.0,XAUUSDm,[sl 2755.80000],proactive
709511961,0,2025-01-24 00:06:57,1737677217720,0,1,0,1932573302,4,0.02,2755.8,0.0,0.0,-3.79,0.0,XAUUSDm,[sl 2755.80000],proactive
709511962,0,2025-01-24 00:06:57,1737677217720,0,1,0,1932573650,4,0.02,2755.8,0.0,0.0,-4.16,0.0,XAUUSDm,[sl 2755.80000],proactive
709511963,0,2025-01-24 00:06:57,1737677217720,0,1,0,1932573539,4,0.02,2755.8,0.0,0.0,-4.17,0.0,XAUUSDm,[sl 2755.80000],proactive
709511964,0,2025-01-24 00:06:57,1737677217720,0,1,0,1932573996,4,0.02,2755.8,0.0,0.0,-3.6,0.0,XAUUSDm,[sl 2755.80000],proactive
709713465,1933204568,2025-01-24 06:08:14,1737698894633,1,0,0,1933204568,1,0.02,2777.058,0.0,0.0,0.0,0.0,XAUUSDm,,
709730556,1933225309,2025-01-24 06:30:24,1737700224456,1,0,0,1933225309,1,0.02,2776.5370000000003,0.0,0.0,0.0,0.0,XAUUSDm,,
709755955,1933055161,2025-01-24 07:05:41,1737702341674,1,0,0,1933055161,0,0.02,2775.4,0.0,0.0,0.0,0.0,XAUUSDm,,proactive
709767248,1933271968,2025-01-24 07:19:38,1737703178400,1,0,0,1933271968,1,0.02,2773.312,0.0,0.0,0.0,0.0,XAUUSDm,,
709768814,1933274076,2025-01-24 07:23:20,1737703400531,1,0,0,1933274076,1,0.02,2773.099,0.0,0.0,0.0,0.0,XAUUSDm,,
709769963,1933275435,2025-01-24 07:25:40,1737703540336,1,0,0,1933275435,1,0.02,2773.797,0.0,0.0,0.0,0.0,XAUUSDm,,
709786943,1933295657,2025-01-24 07:50:27,1737705027596,1,0,0,1933295657,1,0.02,2774.976,0.0,0.0,0.0,0.0,XAUUSDm,,
709855150,0,2025-01-24 09:21:52,1737710512356,0,1,0,1933055161,4,0.02,2776.8,0.0,0.0,-2.8,0.0,XAUUSDm,[sl 2776.80000],proactive
709855151,0,2025-01-24 09:21:52,1737710512356,0,1,0,1933225309,4,0.02,2776.8,0.0,0.0,-0.53,0.0,XAUUSDm,[sl 2776.80000],proactive
709855154,0,2025-01-24 09:21:52,1737710512356,0,1,0,1933295657,4,0.02,2776.8,0.0,0.0,-3.65,0.0,XAUUSDm,[sl 2776.80000],proactive
709855156,0,2025-01-24 09:21:52,1737710512356,0,1,0,1933271968,4,0.02,2776.8,0.0,0.0,-6.98,0.0,XAUUSDm,[sl 2776.80000],proactive
709855159,0,2025-01-24 09:21:52,1737710512356,0,1,0,1933274076,4,0.02,2776.8,0.0,0.0,-7.4,0.0,XAUUSDm,[sl 2776.80000],proactive
709855161,0,2025-01-24 09:21:52,1737710512356,0,1,0,1933275435,4,0.02,2776.8,0.0,0.0,-6.01,0.0,XAUUSDm,[sl 2776.80000],proactive
709855163,0,2025-01-24 09:21:52,1737710512356,0,1,0,1933204568,4,0.02,2776.8,0.0,0.0,0.52,0.0,XAUUSDm,[sl 2776.80000],proactive
710198300,1933784791,2025-01-24 14:11:41,1737727901600,1,0,0,1933784791,1,0.02,2782.03,0.0,0.0,0.0,0.0,XAUUSDm,,
710198550,1933785043,2025-01-24 14:11:50,1737727910758,1,0,0,1933785043,1,0.02,2781.814,0.0,0.0,0.0,0.0,XAUUSDm,,
710221926,1933808103,2025-01-24 14:18:19,1737728299292,1,0,0,1933808103,1,0.02,2779.702,0.0,0.0,0.0,0.0,XAUUSDm,,
710224577,1933810911,2025-01-24 14:19:23,1737728363668,1,0,0,1933810911,1,0.02,2780.5480000000002,0.0,0.0,0.0,0.0,XAUUSDm,,
710274686,1933868578,2025-01-24 14:40:39,1737729639290,1,0,0,1933868578,1,0.02,2777.628,0.0,0.0,0.0,0.0,XAUUSDm,,
710276856,1933871393,2025-01-24 14:41:44,1737729704367,1,0,0,1933871393,1,0.02,2777.858,0.0,0.0,0.0,0.0,XAUUSDm,,
710279096,1933874142,2025-01-24 14:42:53,1737729773405,1,0,0,1933874142,1,0.02,2778.116,0.0,0.0,0.0,0.0,XAUUSDm,,
710338218,1933946508,2025-01-24 15:10:43,1737731443098,1,0,0,1933946508,1,0.02,2780.794,0.0,0.0,0.0,0.0,XAUUSDm,,
710364359,1933972549,2025-01-24 15:24:22,1737732262938,0,1,0,1933868578,6,0.02,2784.397,0.0,0.0,-13.53,0.0,XAUUSDm,[so 0.00%/-0.29/0.00],
710364360,1933972551,2025-01-24 15:24:22,1737732262940,0,1,0,1933871393,6,0.02,2784.397,0.0,0.0,-13.07,0.0,XAUUSDm,[so 0.00%/-0.29/0.00],
710364361,1933972552,2025-01-24 15:24:22,1737732262941,0,1,0,1933874142,6,0.02,2784.397,0.0,0.0,-12.56,0.0,XAUUSDm,[so 0.00%/-0.29/0.00],
710364362,1933972553,2025-01-24 15:24:22,1737732262942,0,1,0,1933808103,6,0.02,2784.397,0.0,0.0,-9.39,0.0,XAUUSDm,[so 0.00%/-0.29/0.00],
710364363,1933972554,2025-01-24 15:24:22,1737732262943,0,1,0,1933810911,6,0.02,2784.397,0.0,0.0,-7.6899999999999995,0.0,XAUUSDm,[so 0.00%/-0.29/0.00],
710364364,1933972555,2025-01-24 15:24:22,1737732262944,0,1,0,1933946508,6,0.02,2784.397,0.0,0.0,-7.2,0.0,XAUUSDm,[so 0.00%/-0.29/0.00],
710364365,1933972556,2025-01-24 15:24:22,1737732262945,0,1,0,1933785043,6,0.02,2784.397,0.0,0.0,-5.16,0.0,XAUUSDm,[so 0.00%/-0.29/0.00],
710364366,1933972557,2025-01-24 15:24:22,1737732262946,0,1,0,1933784791,6,0.02,2784.397,0.0,0.0,-4.73,0.0,XAUUSDm,[so 0.00%/-0.29/0.00],
720919665,1946795037,2025-02-04 12:16:15,1738671375612,1,0,0,1946795037,0,0.02,2818.4,0.0,0.0,0.0,0.0,XAUUSDm,,proactive
720923718,1946847827,2025-02-04 12:19:38,1738671578178,1,0,0,1946847827,1,0.02,2818.896,0.0,0.0,0.0,0.0,XAUUSDm,,
720925901,1946849898,2025-02-04 12:20:37,1738671637729,1,0,0,1946849898,1,0.02,2819.795,0.0,0.0,0.0,0.0,XAUUSDm,,
720932751,1946755272,2025-02-04 12:26:52,1738672012876,1,0,0,1946755272,0,0.02,2819.4,0.0,0.0,0.0,0.0,XAUUSDm,,proactive
720937182,1946754950,2025-02-04 12:31:29,1738672289835,1,0,0,1946754950,0,0.02,2820.4,0.0,0.0,0.0,0.0,XAUUSDm,,proactive
720984323,1946911296,2025-02-04 13:06:14,1738674374310,0,1,0,1946795037,6,0.02,2823.281,0.0,0.0,-9.76,0.0,XAUUSDm,[so 0.00%/-0.14/0.00],
720984329,1946911299,2025-02-04 13:06:14,1738674374312,0,1,0,1946847827,6,0.02,2823.281,0.0,0.0,-8.77,0.0,XAUUSDm,[so 0.00%/-0.14/0.00],
720984331,1946911302,2025-02-04 13:06:14,1738674374313,0,1,0,1946755272,6,0.02,2823.281,0.0,0.0,-7.76,0.0,XAUUSDm,[so 0.00%/-0.14/0.00],
720984333,1946911304,2025-02-04 13:06:14,1738674374314,0,1,0,1946849898,6,0.02,2823.281,0.0,0.0,-6.97,0.0,XAUUSDm,[so 0.00%/-0.14/0.00],
720984338,1946911306,2025-02-04 13:06:14,1738674374315,0,1,0,1946754950,6,0.02,2823.281,0.0,0.0,-5.76,0.0,XAUUSDm,[so 0.00%/-0.14/0.00],
741921297,1974497177,2025-02-24 10:33:10,1740393190046,0,0,0,1974497177,1,0.02,2941.315,0.0,0.0,0.0,0.0,XAUUSDm,,
741922493,1974498267,2025-02-24 10:33:27,1740393207979,0,0,0,1974498267,1,0.02,2940.589,0.0,0.0,0.0,0.0,XAUUSDm,,
741924000,1974497797,2025-02-24 10:34:21,1740393261844,0,0,0,1974497797,0,0.02,2940.4,0.0,0.0,0.0,0.0,XAUUSDm,,proactive
741930193,1974499131,2025-02-24 10:37:46,1740393466120,0,0,0,1974499131,0,0.02,2939.4,0.0,0.0,0.0,0.0,XAUUSDm,,proactive
741941143,1974498876,2025-02-24 10:43:26,1740393806556,0,0,0,1974498876,0,0.02,2938.4,0.0,0.0,0.0,0.0,XAUUSDm,,proactive
741957298,1974533748,2025-02-24 10:50:12,1740394212316,1,1,0,1974497177,6,0.02,2936.126,0.0,0.0,-10.38,0.0,XAUUSDm,[so 0.00%/-0.08/0.00],
741957304,1974533757,2025-02-24 10:50:12,1740394212317,1,1,0,1974498267,6,0.02,2936.126,0.0,0.0,-8.93,0.0,XAUUSDm,[so 0.00%/-0.08/0.00],
741957308,1974533760,2025-02-24 10:50:12,1740394212319,1,1,0,1974497797,6,0.02,2936.126,0.0,0.0,-8.55,0.0,XAUUSDm,[so 0.00%/-0.08/0.00],
741957311,1974533763,2025-02-24 10:50:12,1740394212320,1,1,0,1974499131,6,0.02,2936.126,0.0,0.0,-6.55,0.0,XAUUSDm,[so 0.00%/-0.08/0.00],
741957315,1974533766,2025-02-24 10:50:12,1740394212322,1,1,0,1974498876,6,0.02,2936.126,0.0,0.0,-4.55,0.0,XAUUSDm,[so 0.00%/-0.08/0.00],
750265223,1985157193,2025-03-03 09:59:49,1740995989281,0,0,0,1985157193,1,0.02,2867.618,0.0,0.0,0.0,0.0,XAUUSDm,,
750271925,1985166534,2025-03-03 10:06:46,1740996406404,0,0,0,1985166534,1,0.02,2867.531,0.0,0.0,0.0,0.0,XAUUSDm,,
750301289,1985200064,2025-03-03 10:33:38,1740998018524,0,0,0,1985200064,1,0.02,2868.784,0.0,0.0,0.0,0.0,XAUUSDm,,
750446793,1985363946,2025-03-03 12:34:21,1741005261255,0,0,0,1985363946,1,0.02,2877.068,0.0,0.0,0.0,0.0,XAUUSDm,,
750448162,1985365214,2025-03-03 12:34:58,1741005298262,1,1,0,1985363946,1,0.02,2877.143,0.0,0.0,0.15,0.0,XAUUSDm,,
750491474,1985157489,2025-03-03 13:06:10,1741007170285,0,0,0,1985157489,0,0.02,2872.8,0.0,0.0,0.0,0.0,XAUUSDm,,proactive
750497662,1985158524,2025-03-03 13:08:39,1741007319240,0,0,0,1985158524,0,0.02,2871.8,0.0,0.0,0.0,0.0,XAUUSDm,,proactive
750499138,1985163274,2025-03-03 13:08:55,1741007335086,0,0,0,1985163274,0,0.02,2870.8,0.0,0.0,0.0,0.0,XAUUSDm,,proactive
750587216,1985525699,2025-03-03 14:07:02,1741010822885,0,0,0,1985525699,1,0.02,2874.601,0.0,0.0,0.0,0.0,XAUUSDm,,
750590157,1985529183,2025-03-03 14:09:08,1741010948915,0,0,0,1985529183,1,0.02,2874.078,0.0,0.0,0.0,0.0,XAUUSDm,,
750665922,0,2025-03-03 14:45:17,1741013117092,1,1,0,1985525699,4,0.02,2876.4,0.0,0.0,3.6,0.0,XAUUSDm,[sl 2876.40000],proactive
750665929,0,2025-03-03 14:45:17,1741013117092,1,1,0,1985157193,4,0.02,2876.4,0.0,0.0,17.56,0.0,XAUUSDm,[sl 2876.40000],proactive
750665931,0,2025-03-03 14:45:17,1741013117092,1,1,0,1985163274,4,0.02,2876.4,0.0,0.0,11.2,0.0,XAUUSDm,[sl 2876.40000],proactive
750665932,0,2025-03-03 14:45:17,1741013117092,1,1,0,1985529183,4,0.02,2876.4,0.0,0.0,4.64,0.0,XAUUSDm,[sl 2876.40000],proactive
750665933,0,2025-03-03 14:45:17,1741013117092,1,1,0,1985200064,4,0.02,2876.4,0.0,0.0,15.23,0.0,XAUUSDm,[sl 2876.40000],proactive
750665935,0,2025-03-03 14:45:17,1741013117092,1,1,0,1985166534,4,0.02,2876.4,0.0,0.0,17.74,0.0,XAUUSDm,[sl 2876.40000],proactive
750665936,0,2025-03-03 14:45:17,1741013117092,1,1,0,1985158524,4,0.02,2876.4,0.0,0.0,9.2,0.0,XAUUSDm,[sl 2876.40000],proactive
750665937,0,2025-03-03 14:45:17,1741013117092,1,1,0,1985157489,4,0.02,2876.4,0.0,0.0,7.2,0.0,XAUUSDm,[sl 2876.40000],proactive
750889358,1985897402,2025-03-03 16:41:56,1741020116924,1,0,0,1985897402,1,0.02,2892.161,0.0,0.0,0.0,0.0,XAUUSDm,,
750891449,1985899844,2025-03-03 16:43:20,1741020200372,1,0,0,1985899844,1,0.02,2891.594,0.0,0.0,0.0,0.0,XAUUSDm,,
750896285,1985905525,2025-03-03 16:46:38,1741020398729,1,0,0,1985905525,1,0.02,2892.8250000000003,0.0,0.0,0.0,0.0,XAUUSDm,,
750909416,1985921887,2025-03-03 16:59:25,1741021165943,1,0,0,1985921887,1,0.02,2891.418,0.0,0.0,0.0,0.0,XAUUSDm,,
750921882,1985936771,2025-03-03 17:10:15,1741021815668,1,0,0,1985936771,1,0.02,2891.15,0.0,0.0,0.0,0.0,XAUUSDm,,
751053008,0,2025-03-03 18:42:09,1741027329267,0,1,0,1985921887,4,0.02,2887.8,0.0,0.0,7.24,0.0,XAUUSDm,[sl 2887.80000],proactive
751053009,0,2025-03-03 18:42:09,1741027329267,0,1,0,1985897402,4,0.02,2887.8,0.0,0.0,8.72,0.0,XAUUSDm,[sl 2887.80000],proactive
751053010,0,2025-03-03 18:42:09,1741027329267,0,1,0,1985899844,4,0.02,2887.8,0.0,0.0,7.59,0.0,XAUUSDm,[sl 2887.80000],proactive
751053011,0,2025-03-03 18:42:09,1741027329267,0,1,0,1985936771,4,0.02,2887.8,0.0,0.0,6.7,0.0,XAUUSDm,[sl 2887.80000],proactive
751053012,0,2025-03-03 18:42:09,1741027329267,0,1,0,1985905525,4,0.02,2887.8,0.0,0.0,10.05,0.0,XAUUSDm,[sl 2887.80000],proactive
751364559,1986522978,2025-03-04 01:04:55,1741050295885,1,0,0,1986522978,1,0.02,2890.3450000000003,0.0,0.0,0.0,0.0,XAUUSDm,,
751365092,1986523591,2025-03-04 01:05:33,1741050333735,1,0,0,1986523591,1,0.02,2890.271,0.0,0.0,0.0,0.0,XAUUSDm,,
751403653,1986523534,2025-03-04 01:34:11,1741052051120,1,0,0,1986523534,0,0.02,2888.402,0.0,0.0,0.0,0.0,XAUUSDm,,proactive
751439356,1986523231,2025-03-04 02:01:55,1741053715312,1,0,0,1986523231,0,0.02,2889.413,0.0,0.0,0.0,0.0,XAUUSDm,,proactive
751488089,1986612876,2025-03-04 03:17:20,1741058240776,1,0,0,1986612876,0,0.02,2889.402,0.0,0.0,0.0,0.0,XAUUSDm,,proactive
751498745,1986685983,2025-03-04 03:31:36,1741059096446,1,0,0,1986685983,1,0.02,2891.184,0.0,0.0,0.0,0.0,XAUUSDm,,
751667774,0,2025-03-04 07:27:06,1741073226990,0,1,0,1986522978,4,0.02,2895.8,0.0,0.0,-10.91,0.0,XAUUSDm,[sl 2895.80000],proactive
751667828,0,2025-03-04 07:27:06,1741073226990,0,1,0,1986523591,4,0.02,2895.8,0.0,0.0,-11.06,0.0,XAUUSDm,[sl 2895.80000],proactive
751667850,0,2025-03-04 07:27:06,1741073226990,0,1,0,1986523231,4,0.02,2895.8,0.0,0.0,-12.77,0.0,XAUUSDm,[sl 2895.80000],proactive
751667899,0,2025-03-04 07:27:06,1741073226990,0,1,0,1986685983,4,0.02,2895.8,0.0,0.0,-9.23,0.0,XAUUSDm,[sl 2895.80000],proactive
751667929,0,2025-03-04 07:27:06,1741073226990,0,1,0,1986523534,4,0.02,2895.8,0.0,0.0,-14.8,0.0,XAUUSDm,[sl 2895.80000],proactive
751667953,0,2025-03-04 07:27:06,1741073226990,0,1,0,1986612876,4,0.02,2895.8,0.0,0.0,-12.8,0.0,XAUUSDm,[sl 2895.80000],proactive
751868128,1987117774,2025-03-04 09:14:08,1741079648426,1,0,0,1987117774,1,0.02,2915.7980000000002,0.0,0.0,0.0,0.0,XAUUSDm,,
751869834,1987119838,2025-03-04 09:15:30,1741079730699,1,0,0,1987119838,1,0.02,2915.664,0.0,0.0,0.0,0.0,XAUUSDm,,
751872064,1987118219,2025-03-04 09:17:41,1741079861865,1,0,0,1987118219,0,0.02,2916.431,0.0,0.0,0.0,0.0,XAUUSDm,,proactive
751879001,1987118024,2025-03-04 09:23:14,1741080194126,1,0,0,1987118024,0,0.02,2918.408,0.0,0.0,0.0,0.0,XAUUSDm,,proactive
751881717,1987133414,2025-03-04 09:24:29,1741080269280,1,0,0,1987133414,1,0.02,2917.476,0.0,0.0,0.0,0.0,XAUUSDm,,
752059362,1987346606,2025-03-04 11:44:22,1741088662766,0,1,0,1987118024,1,0.02,2918.198,0.0,0.0,0.42,0.0,XAUUSDm,,
752059485,1987346745,2025-03-04 11:44:28,1741088668186,0,1,0,1987117774,1,0.02,2918.198,0.0,0.0,-4.8,0.0,XAUUSDm,,
752059538,1987346806,2025-03-04 11:44:32,1741088672246,0,1,0,1987118219,1,0.02,2918.3,0.0,0.0,-3.74,0.0,XAUUSDm,,
752059769,1987347077,2025-03-04 11:44:44,1741088684917,0,1,0,1987133414,1,0.02,2918.573,0.0,0.0,-2.2,0.0,XAUUSDm,,
752059867,1987347227,2025-03-04 11:44:52,1741088692686,0,1,0,1987119838,1,0.02,2919.033,0.0,0.0,-6.74,0.0,XAUUSDm,,
752060083,1987347447,2025-03-04 11:45:00,1741088700313,0,0,0,1987347447,1,0.02,2919.136,0.0,0.0,0.0,0.0,XAUUSDm,,
752060303,1987347698,2025-03-04 11:45:12,1741088712672,0,0,0,1987347698,1,0.02,2918.723,0.0,0.0,0.0,0.0,XAUUSDm,,
752060626,1987348084,2025-03-04 11:45:39,1741088739065,0,0,0,1987348084,1,0.02,2918.949,0.0,0.0,0.0,0.0,XAUUSDm,,
752061279,1987348914,2025-03-04 11:46:40,1741088800350,0,0,0,1987348914,1,0.02,2918.9,0.0,0.0,0.0,0.0,XAUUSDm,,
752063095,1987350951,2025-03-04 11:48:23,1741088903707,0,0,0,1987350951,1,0.02,2919.498,0.0,0.0,0.0,0.0,XAUUSDm,,
752063701,1987351640,2025-03-04 11:48:48,1741088928401,0,0,0,1987351640,1,0.02,2918.4120000000003,0.0,0.0,0.0,0.0,XAUUSDm,,
752319603,1987348498,2025-03-04 14:15:18,1741097718820,0,0,0,1987348498,0,0.02,2917.8,0.0,0.0,0.0,0.0,XAUUSDm,,proactive
752377001,1987712642,2025-03-04 14:35:05,1741098905097,1,1,0,1987350951,6,0.02,2913.25,0.0,0.0,-12.5,0.0,XAUUSDm,[so 0.00%/-0.35/0.00],
752377008,1987712649,2025-03-04 14:35:05,1741098905098,1,1,0,1987347447,6,0.02,2913.25,0.0,0.0,-11.77,0.0,XAUUSDm,[so 0.00%/-0.35/0.00],
752377014,1987712655,2025-03-04 14:35:05,1741098905099,1,1,0,1987348084,6,0.02,2913.25,0.0,0.0,-11.4,0.0,XAUUSDm,[so 0.00%/-0.35/0.00],
752377019,1987712660,2025-03-04 14:35:05,1741098905101,1,1,0,1987348914,6,0.02,2913.25,0.0,0.0,-11.3,0.0,XAUUSDm,[so 0.00%/-0.35/0.00],
752377025,1987712667,2025-03-04 14:35:05,1741098905102,1,1,0,1987347698,6,0.02,2913.25,0.0,0.0,-10.95,0.0,XAUUSDm,[so 0.00%/-0.35/0.00],
752377032,1987712672,2025-03-04 14:35:05,1741098905104,1,1,0,1987351640,6,0.02,2913.25,0.0,0.0,-10.32,0.0,XAUUSDm,[so 0.00%/-0.35/0.00],
752377035,1987712679,2025-03-04 14:35:05,1741098905105,1,1,0,1987348498,6,0.02,2913.25,0.0,0.0,-9.1,0.0,XAUUSDm,[so 0.00%/-0.35/0.00],
758595751,1997718473,2025-03-10 05:55:29,1741586129419,1,0,0,1997718473,1,0.02,2909.501,0.0,0.0,0.0,0.0,XAUUSDm,,
758595968,1997718763,2025-03-10 05:56:03,1741586163389,1,0,0,1997718763,1,0.02,2909.393,0.0,0.0,0.0,0.0,XAUUSDm,,
758598511,1997718632,2025-03-10 06:00:24,1741586424493,1,0,0,1997718632,0,0.02,2910.4,0.0,0.0,0.0,0.0,XAUUSDm,,proactive
758602268,1997718557,2025-03-10 06:05:08,1741586708769,1,0,0,1997718557,0,0.02,2911.4,0.0,0.0,0.0,0.0,XAUUSDm,,proactive
758620283,1997745114,2025-03-10 06:21:58,1741587718127,1,0,0,1997745114,1,0.02,2910.04,0.0,0.0,0.0,0.0,XAUUSDm,,
758628787,1997754863,2025-03-10 06:36:13,1741588573092,0,1,0,1997718763,6,0.02,2914.035,0.0,0.0,-9.28,0.0,XAUUSDm,[so 0.00%/-0.14/0.00],
758628788,1997754865,2025-03-10 06:36:13,1741588573093,0,1,0,1997718473,6,0.02,2914.035,0.0,0.0,-9.07,0.0,XAUUSDm,[so 0.00%/-0.14/0.00],
758628789,1997754866,2025-03-10 06:36:13,1741588573093,0,1,0,1997745114,6,0.02,2914.035,0.0,0.0,-7.99,0.0,XAUUSDm,[so 0.00%/-0.14/0.00],
758628790,1997754867,2025-03-10 06:36:13,1741588573094,0,1,0,1997718632,6,0.02,2914.035,0.0,0.0,-7.27,0.0,XAUUSDm,[so 0.00%/-0.14/0.00],
758628791,1997754868,2025-03-10 06:36:13,1741588573095,0,1,0,1997718557,6,0.02,2914.035,0.0,0.0,-5.27,0.0,XAUUSDm,[so 0.00%/-0.14/0.00],
775441663,2029781152,2025-03-25 12:15:06,1742904906087,1,0,0,2029781152,0,0.02,3018.4,0.0,0.0,0.0,0.0,XAUUSDm,,proactive
775444679,2029794958,2025-03-25 12:16:15,1742904975645,1,0,0,2029794958,1,0.02,3018.494,0.0,0.0,0.0,0.0,XAUUSDm,,
775471646,2029823022,2025-03-25 12:32:42,1742905962463,1,0,0,2029823022,1,0.02,3018.074,0.0,0.0,0.0,0.0,XAUUSDm,,
775474101,2029825385,2025-03-25 12:33:21,1742906001687,1,0,0,2029825385,1,0.02,3019.195,0.0,0.0,0.0,0.0,XAUUSDm,,
775491433,2029783468,2025-03-25 12:43:33,1742906613140,1,0,0,2029783468,0,0.02,3019.4,0.0,0.0,0.0,0.0,XAUUSDm,,proactive
775510268,2029862523,2025-03-25 12:57:20,1742907440152,0,1,0,2029823022,6,0.02,3022.582,0.0,0.0,-9.01,0.0,XAUUSDm,[so 0.00%/-0.05/0.00],
775510269,2029862524,2025-03-25 12:57:20,1742907440153,0,1,0,2029781152,6,0.02,3022.582,0.0,0.0,-8.36,0.0,XAUUSDm,[so 0.00%/-0.05/0.00],
775510270,2029862525,2025-03-25 12:57:20,1742907440154,0,1,0,2029794958,6,0.02,3022.582,0.0,0.0,-8.17,0.0,XAUUSDm,[so 0.00%/-0.05/0.00],
775510272,2029862526,2025-03-25 12:57:20,1742907440155,0,1,0,2029825385,6,0.02,3022.582,0.0,0.0,-6.77,0.0,XAUUSDm,[so 0.00%/-0.05/0.00],
775510273,2029862527,2025-03-25 12:57:20,1742907440156,0,1,0,2029783468,6,0.02,3022.582,0.0,0.0,-6.36,0.0,XAUUSDm,[so 0.00%/-0.05/0.00],
788390302,2045827516,2025-04-04 06:38:30,1743748710486,1,0,0,2045827516,1,0.02,3101.588,0.0,0.0,0.0,0.0,XAUUSDm,,
788395882,2045828547,2025-04-04 06:47:20,1743749240595,1,0,0,2045828547,0,0.02,3103.4,0.0,0.0,0.0,0.0,XAUUSDm,,proactive
788400849,2045837026,2025-04-04 06:53:02,1743749582116,1,0,0,2045837026,0,0.02,3102.4,0.0,0.0,0.0,0.0,XAUUSDm,,proactive
788401069,2045840095,2025-04-04 06:53:11,1743749591960,1,0,0,2045840095,1,0.02,3102.46,0.0,0.0,0.0,0.0,XAUUSDm,,
788433873,2045872823,2025-04-04 07:14:09,1743750849065,1,0,0,2045872823,1,0.02,3100.472,0.0,0.0,0.0,0.0,XAUUSDm,,
788549697,2045990101,2025-04-04 08:27:39,1743755259136,0,1,0,2045827516,1,0.02,3084.408,0.0,0.0,34.36,0.0,XAUUSDm,,
788549749,2045990157,2025-04-04 08:27:43,1743755263942,0,1,0,2045828547,1,0.02,3085.381,0.0,0.0,36.04,0.0,XAUUSDm,,
788549847,2045990293,2025-04-04 08:27:50,1743755270483,0,1,0,2045837026,1,0.02,3085.679,0.0,0.0,33.44,0.0,XAUUSDm,,
788550439,2045991084,2025-04-04 08:28:33,1743755313076,0,1,0,2045840095,1,0.02,3085.039,0.0,0.0,34.84,0.0,XAUUSDm,,
788550486,2045991170,2025-04-04 08:28:40,1743755320026,0,1,0,2045872823,1,0.02,3085.377,0.0,0.0,30.19,0.0,XAUUSDm,,
788789602,2046267858,2025-04-04 10:38:09,1743763089456,1,0,0,2046267858,1,0.02,3110.759,0.0,0.0,0.0,0.0,XAUUSDm,,
788790626,2046269859,2025-04-04 10:38:51,1743763131196,1,0,0,2046269859,1,0.02,3110.6040000000003,0.0,0.0,0.0,0.0,XAUUSDm,,
788799863,2046269245,2025-04-04 10:42:14,1743763334956,1,0,0,2046269245,0,0.02,3112.4,0.0,0.0,0.0,0.0,XAUUSDm,,proactive
788803598,0,2025-04-04 10:43:23,1743763403552,0,1,0,2046269859,4,0.02,3115.8,0.0,0.0,-10.39,0.0,XAUUSDm,[sl 3115.80000],proactive
788803600,0,2025-04-04 10:43:23,1743763403552,0,1,0,2046267858,4,0.02,3115.8,0.0,0.0,-10.08,0.0,XAUUSDm,[sl 3115.80000],proactive
788813653,2046303116,2025-04-04 10:48:25,1743763705194,0,1,0,2046269245,1,0.02,3112.6040000000003,0.0,0.0,-0.41,0.0,XAUUSDm,,
791120560,2050697391,2025-04-07 05:54:17,1744005257311,0,0,0,2050697391,1,0.02,3037.117,0.0,0.0,0.0,0.0,XAUUSDm,,
791120795,2050697640,2025-04-07 05:54:29,1744005269575,0,0,0,2050697640,1,0.02,3035.794,0.0,0.0,0.0,0.0,XAUUSDm,,
791121415,2050698307,2025-04-07 05:54:58,1744005298121,0,0,0,2050698307,1,0.02,3034.183,0.0,0.0,0.0,0.0,XAUUSDm,,
791122727,2050699951,2025-04-07 05:56:29,1744005389383,0,0,0,2050699951,1,0.02,3034.0,0.0,0.0,0.0,0.0,XAUUSDm,,
791123564,2050701048,2025-04-07 05:57:46,1744005466963,0,0,0,2050701048,1,0.02,3034.618,0.0,0.0,0.0,0.0,XAUUSDm,,
791134433,0,2025-04-07 06:05:30,1744005930657,1,1,0,2050697640,4,0.02,3028.4,0.0,0.0,-14.79,0.0,XAUUSDm,[sl 3028.40000],proactive
791134435,0,2025-04-07 06:05:30,1744005930657,1,1,0,2050698307,4,0.02,3028.4,0.0,0.0,-11.57,0.0,XAUUSDm,[sl 3028.40000],proactive
791134437,0,2025-04-07 06:05:30,1744005930657,1,1,0,2050701048,4,0.02,3028.4,0.0,0.0,-12.44,0.0,XAUUSDm,[sl 3028.40000],proactive
791134439,0,2025-04-07 06:05:30,1744005930657,1,1,0,2050697391,4,0.02,3028.4,0.0,0.0,-17.43,0.0,XAUUSDm,[sl 3028.40000],proactive
791134440,0,2025-04-07 06:05:30,1744005930657,1,1,0,2050699951,4,0.02,3028.4,0.0,0.0,-11.2,0.0,XAUUSDm,[sl 3028.40000],proactive
791134972,2050715005,2025-04-07 06:05:47,1744005947480,0,0,0,2050715005,1,0.02,3027.871,0.0,0.0,0.0,0.0,XAUUSDm,,
791135203,2050715243,2025-04-07 06:05:51,1744005951405,0,0,0,2050715243,1,0.02,3027.752,0.0,0.0,0.0,0.0,XAUUSDm,,
791135377,2050715456,2025-04-07 06:06:00,1744005960135,0,0,0,2050715456,1,0.02,3028.3920000000003,0.0,0.0,0.0,0.0,XAUUSDm,,
791136723,2050717097,2025-04-07 06:07:05,1744006025252,0,0,0,2050717097,1,0.02,3028.681,0.0,0.0,0.0,0.0,XAUUSDm,,
791138273,2050718880,2025-04-07 06:07:54,1744006074300,0,0,0,2050718880,1,0.02,3025.702,0.0,0.0,0.0,0.0,XAUUSDm,,
791143938,2050725873,2025-04-07 06:11:48,1744006308888,1,1,0,2050718880,1,0.02,3028.225,0.0,0.0,5.05,0.0,XAUUSDm,,
791144023,2050725993,2025-04-07 06:11:55,1744006315617,1,1,0,2050715243,1,0.02,3028.597,0.0,0.0,1.69,0.0,XAUUSDm,,
791144064,2050726051,2025-04-07 06:12:00,1744006320097,1,1,0,2050715005,1,0.02,3028.463,0.0,0.0,1.19,0.0,XAUUSDm,,
791144110,2050726121,2025-04-07 06:12:04,1744006324692,1,1,0,2050715456,1,0.02,3028.177,0.0,0.0,-0.43,0.0,XAUUSDm,,
791144146,2050726195,2025-04-07 06:12:09,1744006329982,1,1,0,2050717097,1,0.02,3028.073,0.0,0.0,-1.21,0.0,XAUUSDm,,
791144879,2050727156,2025-04-07 06:12:48,1744006368416,1,0,0,2050727156,1,0.02,3028.419,0.0,0.0,0.0,0.0,XAUUSDm,,
791145079,2050727470,2025-04-07 06:13:05,1744006385553,1,0,0,2050727470,1,0.02,3027.658,0.0,0.0,0.0,0.0,XAUUSDm,,
791148477,2050729920,2025-04-07 06:14:35,1744006475889,1,0,0,2050729920,0,0.02,3025.4,0.0,0.0,0.0,0.0,XAUUSDm,,proactive
791148916,2050729460,2025-04-07 06:14:53,1744006493125,1,0,0,2050729460,0,0.02,3026.4,0.0,0.0,0.0,0.0,XAUUSDm,,proactive
791149293,2050729016,2025-04-07 06:15:09,1744006509602,1,0,0,2050729016,0,0.02,3027.4,0.0,0.0,0.0,0.0,XAUUSDm,,proactive
791159727,2050744524,2025-04-07 06:21:25,1744006885838,1,0,0,2050744524,1,0.02,3024.8940000000002,0.0,0.0,0.0,0.0,XAUUSDm,,
791160243,2050745202,2025-04-07 06:21:49,1744006909890,1,0,0,2050745202,1,0.02,3024.997,0.0,0.0,0.0,0.0,XAUUSDm,,
791184894,2050772201,2025-04-07 06:35:10,1744007710660,1,0,0,2050772201,1,0.02,3026.02,0.0,0.0,0.0,0.0,XAUUSDm,,
791192396,0,2025-04-07 06:39:08,1744007948017,0,1,0,2050744524,4,0.02,3031.8,0.0,0.0,-13.81,0.0,XAUUSDm,[sl 3031.80000],proactive
791192398,0,2025-04-07 06:39:08,1744007948017,0,1,0,2050745202,4,0.02,3031.8,0.0,0.0,-13.61,0.0,XAUUSDm,[sl 3031.80000],proactive
791192400,0,2025-04-07 06:39:08,1744007948017,0,1,0,2050727470,4,0.02,3031.8,0.0,0.0,-8.28,0.0,XAUUSDm,[sl 3031.80000],proactive
791192401,0,2025-04-07 06:39:08,1744007948017,0,1,0,2050729920,4,0.02,3031.8,0.0,0.0,-12.8,0.0,XAUUSDm,[sl 3031.80000],proactive
791192404,0,2025-04-07 06:39:08,1744007948017,0,1,0,2050729460,4,0.02,3031.8,0.0,0.0,-10.8,0.0,XAUUSDm,[sl 3031.80000],proactive
791192406,0,2025-04-07 06:39:08,1744007948017,0,1,0,2050727156,4,0.02,3031.8,0.0,0.0,-6.76,0.0,XAUUSDm,[sl 3031.80000],proactive
791192409,0,2025-04-07 06:39:08,1744007948017,0,1,0,2050729016,4,0.02,3031.8,0.0,0.0,-8.8,0.0,XAUUSDm,[sl 3031.80000],proactive
791192410,0,2025-04-07 06:39:08,1744007948017,0,1,0,2050772201,4,0.02,3031.8,0.0,0.0,-11.56,0.0,XAUUSDm,[sl 3031.80000],proactive
795427104,2056221493,2025-04-09 11:32:00,1744198320979,0,0,0,2056221493,1,0.02,3063.5750000000003,0.0,0.0,0.0,0.0,XAUUSDm,,
795427560,2056222068,2025-04-09 11:32:17,1744198337968,1,1,0,2056221493,1,0.02,3063.467,0.0,0.0,-0.22,0.0,XAUUSDm,,
795705544,2056401669,2025-04-09 13:30:04,1744205404399,1,0,0,2056401669,0,0.02,3062.4,0.0,0.0,0.0,0.0,XAUUSDm,,proactive
795709268,2056400652,2025-04-09 13:31:20,1744205480206,1,0,0,2056400652,0,0.02,3064.4,0.0,0.0,0.0,0.0,XAUUSDm,,proactive
795711334,2056403637,2025-04-09 13:31:45,1744205505272,1,0,0,2056403637,0,0.02,3065.4,0.0,0.0,0.0,0.0,XAUUSDm,,proactive
795720003,2056574653,2025-04-09 13:34:00,1744205640181,0,1,0,2056401669,6,0.02,3070.62,0.0,0.0,-16.44,0.0,XAUUSDm,[so 0.00%/-0.19/0.00],
795720013,2056574664,2025-04-09 13:34:00,1744205640185,0,1,0,2056400652,6,0.02,3070.653,0.0,0.0,-12.51,0.0,XAUUSDm,[so 0.00%/-0.49/0.00],
795720018,2056574672,2025-04-09 13:34:00,1744205640186,0,1,0,2056403637,6,0.02,3070.653,0.0,0.0,-10.51,0.0,XAUUSDm,[so 0.00%/-0.63/0.00],
803189054,2065302666,2025-04-15 09:39:08,1744709948085,1,0,0,2065302666,1,0.02,3225.4990000000003,0.0,0.0,0.0,0.0,XAUUSDm,,
803189090,2065302694,2025-04-15 09:39:12,1744709952314,1,0,0,2065302694,1,0.02,3225.61,0.0,0.0,0.0,0.0,XAUUSDm,,
803189549,2065303190,2025-04-15 09:39:57,1744709997190,1,0,0,2065303190,1,0.02,3225.485,0.0,0.0,0.0,0.0,XAUUSDm,,
803232756,2065346119,2025-04-15 10:06:02,1744711562264,1,0,0,2065346119,1,0.02,3224.474,0.0,0.0,0.0,0.0,XAUUSDm,,
803235111,2065302892,2025-04-15 10:07:42,1744711662793,1,0,0,2065302892,0,0.02,3225.4,0.0,0.0,0.0,0.0,XAUUSDm,,proactive
803239271,2065303031,2025-04-15 10:09:34,1744711774981,1,0,0,2065303031,0,0.02,3226.4,0.0,0.0,0.0,0.0,XAUUSDm,,proactive
803324441,2065437335,2025-04-15 11:12:56,1744715576538,1,0,0,2065437335,1,0.02,3222.659,0.0,0.0,0.0,0.0,XAUUSDm,,
803550359,2065677979,2025-04-15 13:09:26,1744722566618,1,0,0,2065677979,1,0.02,3224.4300000000003,0.0,0.0,0.0,0.0,XAUUSDm,,
803706254,2065830919,2025-04-15 14:10:24,1744726224796,1,0,0,2065830919,1,0.02,3221.203,0.0,0.0,0.0,0.0,XAUUSDm,,
803756743,2065880030,2025-04-15 14:29:01,1744727341559,0,1,0,2065830919,6,0.02,3226.713,0.0,0.0,-11.02,0.0,XAUUSDm,[so 0.00%/-0.11/0.00],
803756756,2065880034,2025-04-15 14:29:01,1744727341562,0,1,0,2065437335,6,0.02,3226.745,0.0,0.0,-8.17,0.0,XAUUSDm,[so 0.00%/-0.11/0.00],
803756764,2065880045,2025-04-15 14:29:01,1744727341564,0,1,0,2065677979,6,0.02,3226.745,0.0,0.0,-4.63,0.0,XAUUSDm,[so 0.00%/-0.59/0.00],
803756767,2065880049,2025-04-15 14:29:01,1744727341565,0,1,0,2065346119,6,0.02,3226.745,0.0,0.0,-4.54,0.0,XAUUSDm,[so 0.00%/-0.59/0.00],
803756770,2065880051,2025-04-15 14:29:01,1744727341566,0,1,0,2065302892,6,0.02,3226.745,0.0,0.0,-2.69,0.0,XAUUSDm,[so 0.00%/-0.59/0.00],
803756772,2065880053,2025-04-15 14:29:01,1744727341567,0,1,0,2065303190,6,0.02,3226.745,0.0,0.0,-2.52,0.0,XAUUSDm,[so 0.00%/-0.59/0.00],
803756774,2065880055,2025-04-15 14:29:01,1744727341568,0,1,0,2065302666,6,0.02,3226.745,0.0,0.0,-2.49,0.0,XAUUSDm,[so 0.00%/-0.59/0.00],
803756775,2065880056,2025-04-15 14:29:01,1744727341569,0,1,0,2065302694,6,0.02,3226.745,0.0,0.0,-2.27,0.0,XAUUSDm,[so 0.00%/-0.59/0.00],
803756776,2065880057,2025-04-15 14:29:01,1744727341570,0,1,0,2065303031,6,0.02,3226.745,0.0,0.0,-0.69,0.0,XAUUSDm,[so 0.00%/-0.59/0.00],
807285089,2069439590,2025-04-17 13:26:51,1744896411614,1,0,0,2069439590,1,0.02,3325.6330000000003,0.0,0.0,0.0,0.0,XAUUSDm,,
807306247,2069460199,2025-04-17 13:33:49,1744896829428,1,0,0,2069460199,1,0.02,3322.824,0.0,0.0,0.0,0.0,XAUUSDm,,
807307799,2069461703,2025-04-17 13:34:12,1744896852489,1,0,0,2069461703,1,0.02,3324.5480000000002,0.0,0.0,0.0,0.0,XAUUSDm,,
807309477,2069463272,2025-04-17 13:34:40,1744896880348,1,0,0,2069463272,1,0.02,3324.3920000000003,0.0,0.0,0.0,0.0,XAUUSDm,,
807311470,2069446326,2025-04-17 13:35:26,1744896926735,1,0,0,2069446326,0,0.02,3325.4,0.0,0.0,0.0,0.0,XAUUSDm,,proactive
807317180,2069470725,2025-04-17 13:36:54,1744897014482,0,1,0,2069460199,6,0.02,3328.461,0.0,0.0,-11.27,0.0,XAUUSDm,[so 0.00%/-0.32/0.00],
807317182,2069470728,2025-04-17 13:36:54,1744897014483,0,1,0,2069463272,6,0.02,3328.461,0.0,0.0,-8.14,0.0,XAUUSDm,[so 0.00%/-0.57/0.00],
807317183,2069470729,2025-04-17 13:36:54,1744897014484,0,1,0,2069461703,6,0.02,3328.461,0.0,0.0,-7.82,0.0,XAUUSDm,[so 0.00%/-0.57/0.00],
807317184,2069470730,2025-04-17 13:36:54,1744897014484,0,1,0,2069446326,6,0.02,3328.461,0.0,0.0,-6.12,0.0,XAUUSDm,[so 0.00%/-0.57/0.00],
807317185,2069470731,2025-04-17 13:36:54,1744897014485,0,1,0,2069439590,6,0.02,3328.461,0.0,0.0,-5.65,0.0,XAUUSDm,[so 0.00%/-0.57/0.00],
833403536,2095726528,2025-05-07 08:44:35,1746607475688,1,0,0,2095726528,1,0.02,3385.1710000000003,0.0,0.0,0.0,0.0,XAUUSDm,,
833403681,2095726675,2025-05-07 08:44:48,1746607488063,1,0,0,2095726675,1,0.02,3385.07,0.0,0.0,0.0,0.0,XAUUSDm,,
833421813,2095744876,2025-05-07 08:59:01,1746608341818,1,0,0,2095744876,0,0.02,3383.4,0.0,0.0,0.0,0.0,XAUUSDm,,proactive
833427117,2095754297,2025-05-07 09:03:25,1746608605193,1,0,0,2095754297,1,0.01,3382.041,0.0,0.0,0.0,0.0,XAUUSDm,,
833445314,2095755204,2025-05-07 09:14:12,1746609252854,1,0,0,2095755204,0,0.02,3383.4,0.0,0.0,0.0,0.0,XAUUSDm,,proactive
833577143,2095900778,2025-05-07 10:15:47,1746612947844,0,1,0,2095744876,6,0.02,3388.349,0.0,0.0,-9.9,0.0,XAUUSDm,[so 0.00%/-0.89/0.00],
833577146,2095900783,2025-05-07 10:15:47,1746612947845,0,1,0,2095755204,6,0.02,3388.349,0.0,0.0,-9.9,0.0,XAUUSDm,[so 0.00%/-0.89/0.00],
833577149,2095900786,2025-05-07 10:15:47,1746612947846,0,1,0,2095726675,6,0.02,3388.349,0.0,0.0,-6.5600000000000005,0.0,XAUUSDm,[so 0.00%/-0.89/0.00],
833577150,2095900787,2025-05-07 10:15:47,1746612947846,0,1,0,2095726528,6,0.02,3388.349,0.0,0.0,-6.36,0.0,XAUUSDm,[so 0.00%/-0.89/0.00],
833577151,2095900788,2025-05-07 10:15:47,1746612947847,0,1,0,2095754297,6,0.01,3388.349,0.0,0.0,-6.31,0.0,XAUUSDm,[so 0.00%/-0.89/0.00],
852580471,2115072024,2025-05-21 11:19:08,1747826348488,1,0,0,2115072024,1,0.02,3311.062,0.0,0.0,0.0,0.0,XAUUSDm,,
852584234,2115075787,2025-05-21 11:23:03,1747826583710,1,0,0,2115075787,1,0.02,3311.261,0.0,0.0,0.0,0.0,XAUUSDm,,
852591463,2115073175,2025-05-21 11:29:57,1747826997065,1,0,0,2115073175,0,0.02,3312.4,0.0,0.0,0.0,0.0,XAUUSDm,,proactive
852630021,2115121108,2025-05-21 11:53:27,1747828407028,1,0,0,2115121108,1,0.02,3310.7290000000003,0.0,0.0,0.0,0.0,XAUUSDm,,
852631284,2115072438,2025-05-21 11:54:14,1747828454404,1,0,0,2115072438,0,0.02,3311.4,0.0,0.0,0.0,0.0,XAUUSDm,,proactive
852745749,0,2025-05-21 12:38:29,1747831109347,0,1,0,2115072024,4,0.02,3296.8,0.0,0.0,28.52,0.0,XAUUSDm,[sl 3296.80000],proactive
852745751,2115235097,2025-05-21 12:38:29,1747831109347,0,1,0,2115121108,4,0.02,3296.8,0.0,0.0,27.86,0.0,XAUUSDm,[sl 3296.800],
852745752,0,2025-05-21 12:38:29,1747831109347,0,1,0,2115075787,4,0.02,3296.8,0.0,0.0,28.92,0.0,XAUUSDm,[sl 3296.80000],proactive
852745753,0,2025-05-21 12:38:29,1747831109347,0,1,0,2115073175,4,0.02,3296.8,0.0,0.0,31.2,0.0,XAUUSDm,[sl 3296.80000],proactive
852745754,2115235094,2025-05-21 12:38:29,1747831109351,0,1,0,2115072438,4,0.02,3296.8,0.0,0.0,29.2,0.0,XAUUSDm,[sl 3296.800],
852885556,2115374731,2025-05-21 13:40:38,1747834838172,1,0,0,2115374731,1,0.02,3303.327,0.0,0.0,0.0,0.0,XAUUSDm,,
852886859,2115374967,2025-05-21 13:41:36,1747834896160,1,0,0,2115374967,0,0.02,3304.4,0.0,0.0,0.0,0.0,XAUUSDm,,proactive
852887443,2115375170,2025-05-21 13:41:50,1747834910560,1,0,0,2115375170,0,0.02,3305.4,0.0,0.0,0.0,0.0,XAUUSDm,,proactive
852894736,2115383788,2025-05-21 13:45:23,1747835123362,1,0,0,2115383788,1,0.02,3305.611,0.0,0.0,0.0,0.0,XAUUSDm,,
852981545,2115471524,2025-05-21 14:23:45,1747837425843,0,1,0,2115383788,1,0.02,3304.875,0.0,0.0,1.47,0.0,XAUUSDm,,
852981602,2115471596,2025-05-21 14:23:49,1747837429538,0,1,0,2115375170,1,0.02,3304.716,0.0,0.0,1.37,0.0,XAUUSDm,,
852981677,2115471705,2025-05-21 14:23:54,1747837434148,0,1,0,2115374967,1,0.02,3304.646,0.0,0.0,-0.49,0.0,XAUUSDm,,
852981767,2115471801,2025-05-21 14:23:58,1747837438803,0,1,0,2115374731,1,0.02,3304.638,0.0,0.0,-2.63,0.0,XAUUSDm,,
853601047,2116087884,2025-05-22 00:46:04,1747874764773,0,0,0,2116087884,1,0.02,3322.063,0.0,0.0,0.0,0.0,XAUUSDm,,
853601320,2116088138,2025-05-22 00:46:15,1747874775078,0,0,0,2116088138,1,0.02,3321.1710000000003,0.0,0.0,0.0,0.0,XAUUSDm,,
853601646,2116088509,2025-05-22 00:46:45,1747874805827,0,0,0,2116088509,1,0.02,3322.702,0.0,0.0,0.0,0.0,XAUUSDm,,
853608328,2116089530,2025-05-22 01:00:29,1747875629067,0,0,0,2116089530,0,0.02,3321.781,0.0,0.0,0.0,0.0,XAUUSDm,,proactive
853664260,0,2025-05-22 01:50:55,1747878655773,1,1,0,2116088509,4,0.02,3339.4,0.0,0.0,33.4,0.0,XAUUSDm,[sl 3339.40000],proactive
853664262,0,2025-05-22 01:50:55,1747878655773,1,1,0,2116087884,4,0.02,3339.4,0.0,0.0,34.67,0.0,XAUUSDm,[sl 3339.40000],proactive
853664263,2116150490,2025-05-22 01:50:55,1747878655773,1,1,0,2116089530,4,0.02,3339.4,0.0,0.0,35.24,0.0,XAUUSDm,[sl 3339.400],
853664264,2116150487,2025-05-22 01:50:55,1747878655776,1,1,0,2116088138,4,0.02,3339.4,0.0,0.0,36.46,0.0,XAUUSDm,[sl 3339.400],
853826760,2116312337,2025-05-22 05:42:19,1747892539946,1,0,0,2116312337,1,0.02,3336.588,0.0,0.0,0.0,0.0,XAUUSDm,,
853867620,2116312542,2025-05-22 06:05:32,1747893932478,1,0,0,2116312542,0,0.02,3335.4,0.0,0.0,0.0,0.0,XAUUSDm,,proactive
853876529,2116361399,2025-05-22 06:11:51,1747894311126,1,0,0,2116361399,1,0.02,3333.623,0.0,0.0,0.0,0.0,XAUUSDm,,
853877986,2116362914,2025-05-22 06:13:02,1747894382603,1,0,0,2116362914,1,0.02,3335.042,0.0,0.0,0.0,0.0,XAUUSDm,,
854015619,2116517136,2025-05-22 08:00:38,1747900838864,1,0,0,2116517136,1,0.02,3327.381,0.0,0.0,0.0,0.0,XAUUSDm,,
854016581,2116518311,2025-05-22 08:01:28,1747900888133,1,0,0,2116518311,1,0.02,3326.862,0.0,0.0,0.0,0.0,XAUUSDm,,
854027728,2116529262,2025-05-22 08:07:08,1747901228616,1,0,0,2116529262,1,0.02,3329.168,0.0,0.0,0.0,0.0,XAUUSDm,,
854027860,2116529387,2025-05-22 08:07:14,1747901234894,1,0,0,2116529387,1,0.02,3328.929,0.0,0.0,0.0,0.0,XAUUSDm,,
854136163,2116645620,2025-05-22 08:58:43,1747904323520,0,1,0,2116312337,1,0.02,3312.583,0.0,0.0,48.01,0.0,XAUUSDm,,
854136438,2116645875,2025-05-22 08:58:50,1747904330220,0,1,0,2116312542,1,0.02,3312.408,0.0,0.0,45.98,0.0,XAUUSDm,,
854136862,2116646279,2025-05-22 08:58:56,1747904336152,0,1,0,2116361399,1,0.02,3312.3540000000003,0.0,0.0,42.54,0.0,XAUUSDm,,
854137447,2116646857,2025-05-22 08:59:08,1747904348479,0,1,0,2116362914,1,0.02,3311.926,0.0,0.0,46.23,0.0,XAUUSDm,,
854137878,2116647245,2025-05-22 08:59:14,1747904354132,0,1,0,2116517136,1,0.02,3311.371,0.0,0.0,32.02,0.0,XAUUSDm,,
854140789,2116650082,2025-05-22 08:59:55,1747904395830,0,1,0,2116518311,1,0.02,3311.001,0.0,0.0,31.72,0.0,XAUUSDm,,
854141157,2116650459,2025-05-22 09:00:03,1747904403589,0,1,0,2116529262,1,0.02,3311.219,0.0,0.0,35.9,0.0,XAUUSDm,,
854141566,2116650871,2025-05-22 09:00:11,1747904411788,0,1,0,2116529387,1,0.02,3310.4300000000003,0.0,0.0,37.0,0.0,XAUUSDm,,
854784425,2117311036,2025-05-22 14:04:59,1747922699336,0,0,0,2117311036,0,0.02,3283.8,0.0,0.0,0.0,0.0,XAUUSDm,,proactive
854857508,2117387728,2025-05-22 14:35:43,1747924543455,1,1,0,2117311036,1,0.02,3298.272,0.0,0.0,28.94,0.0,XAUUSDm,,
854866211,2117396335,2025-05-22 14:41:13,1747924873943,1,0,0,2117396335,1,0.02,3300.591,0.0,0.0,0.0,0.0,XAUUSDm,,
854867297,2117397326,2025-05-22 14:41:30,1747924890860,1,0,0,2117397326,1,0.02,3301.079,0.0,0.0,0.0,0.0,XAUUSDm,,
854871553,2117401569,2025-05-22 14:43:42,1747925022433,1,0,0,2117401569,1,0.02,3301.434,0.0,0.0,0.0,0.0,XAUUSDm,,
854872596,2117397138,2025-05-22 14:44:11,1747925051777,1,0,0,2117397138,0,0.02,3302.4,0.0,0.0,0.0,0.0,XAUUSDm,,proactive
854879301,2117397840,2025-05-22 14:47:21,1747925241105,1,0,0,2117397840,0,0.02,3303.4,0.0,0.0,0.0,0.0,XAUUSDm,,proactive
854880968,2117398411,2025-05-22 14:47:56,1747925276368,1,0,0,2117398411,0,0.02,3304.4,0.0,0.0,0.0,0.0,XAUUSDm,,proactive
854935073,2117464213,2025-05-22 15:08:15,1747926495595,0,1,0,2117396335,1,0.02,3283.112,0.0,0.0,34.96,0.0,XAUUSDm,,
854935814,2117464963,2025-05-22 15:08:24,1747926504035,0,1,0,2117397138,1,0.02,3281.746,0.0,0.0,41.31,0.0,XAUUSDm,,
854936699,2117465844,2025-05-22 15:08:45,1747926525582,0,1,0,2117397326,1,0.02,3283.0370000000003,0.0,0.0,36.09,0.0,XAUUSDm,,
854937201,2117466344,2025-05-22 15:08:57,1747926537782,0,1,0,2117397840,1,0.02,3284.9,0.0,0.0,37.0,0.0,XAUUSDm,,
854937967,2117467121,2025-05-22 15:09:15,1747926555217,0,1,0,2117401569,1,0.02,3284.202,0.0,0.0,34.47,0.0,XAUUSDm,,
854941704,2117470904,2025-05-22 15:11:12,1747926672421,0,1,0,2117398411,1,0.02,3283.717,0.0,0.0,41.37,0.0,XAUUSDm,,
855372346,2117897898,2025-05-23 00:42:34,1747960954392,0,0,0,2117897898,1,0.02,3304.753,0.0,0.0,0.0,0.0,XAUUSDm,,
855372655,2117897182,2025-05-23 00:42:56,1747960976754,0,0,0,2117897182,0,0.02,3303.8,0.0,0.0,0.0,0.0,XAUUSDm,,proactive
855374337,2117896509,2025-05-23 00:45:10,1747961110378,0,0,0,2117896509,0,0.02,3302.8,0.0,0.0,0.0,0.0,XAUUSDm,,proactive
855376121,2117896412,2025-05-23 00:46:58,1747961218256,0,0,0,2117896412,0,0.02,3301.8,0.0,0.0,0.0,0.0,XAUUSDm,,proactive
855377107,2117902630,2025-05-23 00:47:39,1747961259174,0,0,0,2117902630,1,0.02,3301.233,0.0,0.0,0.0,0.0,XAUUSDm,,
855377250,2117897420,2025-05-23 00:47:48,1747961268108,0,0,0,2117897420,0,0.02,3300.8,0.0,0.0,0.0,0.0,XAUUSDm,,proactive
855381665,2117906955,2025-05-23 00:50:02,1747961402001,1,1,0,2117897898,6,0.02,3294.452,0.0,0.0,-20.61,0.0,XAUUSDm,[so 0.00%/-0.11/0.00],
855381667,2117906959,2025-05-23 00:50:02,1747961402003,1,1,0,2117897182,6,0.02,3294.452,0.0,0.0,-18.7,0.0,XAUUSDm,[so 0.00%/-0.11/0.00],
855381669,2117906960,2025-05-23 00:50:02,1747961402004,1,1,0,2117896509,6,0.02,3294.452,0.0,0.0,-16.7,0.0,XAUUSDm,[so 0.00%/-0.11/0.00],
855381670,2117906961,2025-05-23 00:50:02,1747961402005,1,1,0,2117896412,6,0.02,3294.452,0.0,0.0,-14.7,0.0,XAUUSDm,[so 0.00%/-0.11/0.00],
855381671,2117906963,2025-05-23 00:50:02,1747961402006,1,1,0,2117902630,6,0.02,3294.452,0.0,0.0,-13.57,0.0,XAUUSDm,[so 0.00%/-0.11/0.00],
855381672,2117906964,2025-05-23 00:50:02,1747961402007,1,1,0,2117897420,6,0.02,3294.452,0.0,0.0,-12.7,0.0,XAUUSDm,[so 0.00%/-0.11/0.00],
855464917,2117934437,2025-05-23 02:18:40,1747966720404,0,0,0,2117934437,0,0.02,3296.8,0.0,0.0,0.0,0.0,XAUUSDm,,proactive
855465482,2117934695,2025-05-23 02:19:01,1747966741225,0,0,0,2117934695,0,0.02,3295.8,0.0,0.0,0.0,0.0,XAUUSDm,,proactive
855471222,2117934152,2025-05-23 02:29:32,1747967372973,0,0,0,2117934152,0,0.02,3294.8,0.0,0.0,0.0,0.0,XAUUSDm,,proactive
855472051,2117933893,2025-05-23 02:30:01,1747967401140,0,0,0,2117933893,0,0.02,3293.8,0.0,0.0,0.0,0.0,XAUUSDm,,proactive
855472495,2117933731,2025-05-23 02:30:17,1747967417730,0,0,0,2117933731,0,0.02,3292.8,0.0,0.0,0.0,0.0,XAUUSDm,,proactive
855486002,2118008506,2025-05-23 02:48:12,1747968492235,1,1,0,2117934437,6,0.02,3290.976,0.0,0.0,-11.65,0.0,XAUUSDm,[so 0.00%/-0.11/0.00],
855486004,2118008508,2025-05-23 02:48:12,1747968492236,1,1,0,2117934695,6,0.02,3290.976,0.0,0.0,-9.65,0.0,XAUUSDm,[so 0.00%/-0.11/0.00],
855486005,2118008509,2025-05-23 02:48:12,1747968492237,1,1,0,2117934152,6,0.02,3290.976,0.0,0.0,-7.65,0.0,XAUUSDm,[so 0.00%/-0.11/0.00],
855486006,2118008510,2025-05-23 02:48:12,1747968492238,1,1,0,2117933893,6,0.02,3290.976,0.0,0.0,-5.65,0.0,XAUUSDm,[so 0.00%/-0.11/0.00],
855486007,2118008511,2025-05-23 02:48:12,1747968492238,1,1,0,2117933731,6,0.02,3290.976,0.0,0.0,-3.65,0.0,XAUUSDm,[so 0.00%/-0.11/0.00],
855782839,2118306131,2025-05-23 08:04:43,1747987483755,1,0,0,2118306131,0,0.02,3327.4,0.0,0.0,0.0,0.0,XAUUSDm,,proactive
855784331,2118305681,2025-05-23 08:05:31,1747987531120,1,0,0,2118305681,0,0.02,3328.4,0.0,0.0,0.0,0.0,XAUUSDm,,proactive
855785737,2118309789,2025-05-23 08:06:00,1747987560921,1,0,0,2118309789,1,0.02,3328.125,0.0,0.0,0.0,0.0,XAUUSDm,,
855790090,2118307061,2025-05-23 08:09:02,1747987742316,1,0,0,2118307061,0,0.02,3328.4,0.0,0.0,0.0,0.0,XAUUSDm,,proactive
855794855,2118319163,2025-05-23 08:14:30,1747988070952,1,0,0,2118319163,1,0.02,3328.723,0.0,0.0,0.0,0.0,XAUUSDm,,
855864239,2118388645,2025-05-23 09:16:30,1747991790928,0,1,0,2118319163,1,0.02,3327.871,0.0,0.0,1.71,0.0,XAUUSDm,,
855864308,2118388701,2025-05-23 09:16:34,1747991794448,0,1,0,2118309789,1,0.02,3328.3630000000003,0.0,0.0,-0.48,0.0,XAUUSDm,,
855864344,2118388753,2025-05-23 09:16:40,1747991800518,0,1,0,2118307061,1,0.02,3328.661,0.0,0.0,-0.52,0.0,XAUUSDm,,
855864748,2118389206,2025-05-23 09:17:16,1747991836457,0,1,0,2118305681,1,0.02,3328.745,0.0,0.0,-0.69,0.0,XAUUSDm,,
855866939,2118391320,2025-05-23 09:19:20,1747991960868,0,1,0,2118306131,1,0.02,3328.277,0.0,0.0,-1.75,0.0,XAUUSDm,,
855875828,2118399970,2025-05-23 09:25:46,1747992346767,0,0,0,2118399970,1,0.02,3329.435,0.0,0.0,0.0,0.0,XAUUSDm,,
855875948,2118400092,2025-05-23 09:25:55,1747992355707,0,0,0,2118400092,1,0.02,3329.315,0.0,0.0,0.0,0.0,XAUUSDm,,
855877270,2118401437,2025-05-23 09:27:10,1747992430328,0,0,0,2118401437,1,0.02,3329.4010000000003,0.0,0.0,0.0,0.0,XAUUSDm,,
855877611,2118401772,2025-05-23 09:27:25,1747992445508,0,0,0,2118401772,1,0.02,3329.493,0.0,0.0,0.0,0.0,XAUUSDm,,
855896201,2118420263,2025-05-23 09:38:54,1747993134446,0,0,0,2118420263,1,0.02,3330.3340000000003,0.0,0.0,0.0,0.0,XAUUSDm,,
855907968,2118432031,2025-05-23 09:48:30,1747993710139,0,0,0,2118432031,1,0.02,3328.656,0.0,0.0,0.0,0.0,XAUUSDm,,
855924003,2118447903,2025-05-23 10:03:04,1747994584137,1,1,0,2118420263,6,0.02,3326.402,0.0,0.0,-7.87,0.0,XAUUSDm,[so 0.00%/-0.06/0.00],
855924006,2118447905,2025-05-23 10:03:04,1747994584138,1,1,0,2118401772,6,0.02,3326.402,0.0,0.0,-6.19,0.0,XAUUSDm,[so 0.00%/-0.06/0.00],
855924009,2118447908,2025-05-23 10:03:04,1747994584139,1,1,0,2118399970,6,0.02,3326.402,0.0,0.0,-6.07,0.0,XAUUSDm,[so 0.00%/-0.06/0.00],
855924010,2118447909,2025-05-23 10:03:04,1747994584140,1,1,0,2118401437,6,0.02,3326.402,0.0,0.0,-6.0,0.0,XAUUSDm,[so 0.00%/-0.06/0.00],
855924011,2118447910,2025-05-23 10:03:04,1747994584141,1,1,0,2118400092,6,0.02,3326.402,0.0,0.0,-5.83,0.0,XAUUSDm,[so 0.00%/-0.06/0.00],
855924012,2118447911,2025-05-23 10:03:04,1747994584142,1,1,0,2118432031,6,0.02,3326.402,0.0,0.0,-4.51,0.0,XAUUSDm,[so 0.00%/-0.06/0.00],
858456570,2120658819,2025-05-26 14:00:17,1748268017987,1,0,0,2120658819,0,0.02,3339.4,0.0,0.0,0.0,0.0,XAUUSDm,,proactive
858466157,2120659578,2025-05-26 14:04:32,1748268272452,1,0,0,2120659578,0,0.02,3340.4,0.0,0.0,0.0,0.0,XAUUSDm,,proactive
858466167,2120660958,2025-05-26 14:04:32,1748268272452,1,0,0,2120660958,0,0.02,3340.4,0.0,0.0,0.0,0.0,XAUUSDm,,proactive
858469570,2120659914,2025-05-26 14:05:21,1748268321122,1,0,0,2120659914,0,0.02,3341.4,0.0,0.0,0.0,0.0,XAUUSDm,,proactive
858489013,2121031059,2025-05-26 14:14:56,1748268896488,1,0,0,2121031059,1,0.02,3338.944,0.0,0.0,0.0,0.0,XAUUSDm,,
858741091,2121286963,2025-05-26 22:05:00,1748297100264,0,1,0,2121031059,6,0.02,3346.618,0.0,0.0,-15.35,0.0,XAUUSDm,[so 0.00%/-26.97/0.00],
858741702,2121287076,2025-05-26 22:05:00,1748297100328,0,1,0,2120658819,6,0.02,3346.618,0.0,0.0,-14.44,0.0,XAUUSDm,[so 0.00%/-26.97/0.00],
858741889,2121287223,2025-05-26 22:05:00,1748297100351,0,1,0,2120659578,6,0.02,3346.618,0.0,0.0,-12.44,0.0,XAUUSDm,[so 0.00%/-26.97/0.00],
858741958,2121287336,2025-05-26 22:05:00,1748297100361,0,1,0,2120660958,6,0.02,3346.618,0.0,0.0,-12.44,0.0,XAUUSDm,[so 0.00%/-26.97/0.00],
858742025,2121287386,2025-05-26 22:05:00,1748297100370,0,1,0,2120659914,6,0.02,3346.618,0.0,0.0,-10.44,0.0,XAUUSDm,[so 0.00%/-26.97/0.00],
858938442,2121481976,2025-05-27 02:19:34,1748312374493,1,0,0,2121481976,1,0.02,3341.695,0.0,0.0,0.0,0.0,XAUUSDm,,
858938515,2121482047,2025-05-27 02:19:47,1748312387342,1,0,0,2121482047,1,0.02,3341.571,0.0,0.0,0.0,0.0,XAUUSDm,,
858950456,2121493966,2025-05-27 02:37:48,1748313468025,1,0,0,2121493966,1,0.02,3340.313,0.0,0.0,0.0,0.0,XAUUSDm,,
858954185,2121482426,2025-05-27 02:45:57,1748313957099,1,0,0,2121482426,0,0.02,3342.4,0.0,0.0,0.0,0.0,XAUUSDm,,proactive
858960824,2121482268,2025-05-27 02:55:22,1748314522739,1,0,0,2121482268,0,0.02,3343.4,0.0,0.0,0.0,0.0,XAUUSDm,,proactive
858975520,2121518881,2025-05-27 03:17:13,1748315833838,0,1,0,2121493966,6,0.02,3345.701,0.0,0.0,-10.77,0.0,XAUUSDm,[so 0.00%/-0.10/0.00],
858975522,2121518883,2025-05-27 03:17:13,1748315833839,0,1,0,2121482047,6,0.02,3345.701,0.0,0.0,-8.26,0.0,XAUUSDm,[so 0.00%/-0.10/0.00],
858975523,2121518884,2025-05-27 03:17:13,1748315833839,0,1,0,2121481976,6,0.02,3345.701,0.0,0.0,-8.01,0.0,XAUUSDm,[so 0.00%/-0.10/0.00],
858975524,2121518885,2025-05-27 03:17:13,1748315833840,0,1,0,2121482426,6,0.02,3345.701,0.0,0.0,-6.6,0.0,XAUUSDm,[so 0.00%/-0.10/0.00],
858975529,2121518886,2025-05-27 03:17:13,1748315833841,0,1,0,2121482268,6,0.02,3345.701,0.0,0.0,-4.6,0.0,XAUUSDm,[so 0.00%/-0.10/0.00],
868572961,2131274783,2025-06-03 07:03:44,1748934224582,0,0,0,2131274783,1,0.02,3355.937,0.0,0.0,0.0,0.0,XAUUSDm,,
868574040,2131275873,2025-06-03 07:04:17,1748934257056,0,0,0,2131275873,1,0.02,3354.879,0.0,0.0,0.0,0.0,XAUUSDm,,
868575499,2131275126,2025-06-03 07:05:01,1748934301422,0,0,0,2131275126,0,0.02,3354.8,0.0,0.0,0.0,0.0,XAUUSDm,,proactive
868576447,2131274561,2025-06-03 07:05:12,1748934312050,0,0,0,2131274561,0,0.02,3353.8,0.0,0.0,0.0,0.0,XAUUSDm,,proactive
868589661,2131273833,2025-06-03 07:13:48,1748934828604,0,0,0,2131273833,0,0.02,3353.8,0.0,0.0,0.0,0.0,XAUUSDm,,proactive
868769562,2131474833,2025-06-03 09:32:17,1748943137492,0,0,0,2131474833,1,0.02,3355.343,0.0,0.0,0.0,0.0,XAUUSDm,,
868800831,2131506122,2025-06-03 09:55:21,1748944521673,0,0,0,2131506122,1,0.02,3356.178,0.0,0.0,0.0,0.0,XAUUSDm,,
868849726,2131556746,2025-06-03 10:39:57,1748947197044,0,0,0,2131556746,1,0.02,3357.578,0.0,0.0,0.0,0.0,XAUUSDm,,
868910553,2131616740,2025-06-03 11:28:38,1748950118983,0,0,0,2131616740,1,0.02,3356.9900000000002,0.0,0.0,0.0,0.0,XAUUSDm,,
868961889,2131667608,2025-06-03 12:06:37,1748952397926,1,1,0,2131556746,6,0.02,3353.285,0.0,0.0,-8.59,0.0,XAUUSDm,[so 0.00%/-1.24/0.00],
868961890,2131667609,2025-06-03 12:06:37,1748952397927,1,1,0,2131616740,6,0.02,3353.285,0.0,0.0,-7.41,0.0,XAUUSDm,[so 0.00%/-1.24/0.00],
868961891,2131667610,2025-06-03 12:06:37,1748952397928,1,1,0,2131506122,6,0.02,3353.285,0.0,0.0,-5.79,0.0,XAUUSDm,[so 0.00%/-1.24/0.00],
868961916,2131667612,2025-06-03 12:06:37,1748952397935,1,1,0,2131274783,6,0.02,3353.245,0.0,0.0,-5.38,0.0,XAUUSDm,[so 0.00%/-1.24/0.00],
868961923,2131667630,2025-06-03 12:06:37,1748952397937,1,1,0,2131474833,6,0.02,3353.245,0.0,0.0,-4.2,0.0,XAUUSDm,[so 0.00%/-1.72/0.00],
868961927,2131667636,2025-06-03 12:06:37,1748952397937,1,1,0,2131275873,6,0.02,3353.245,0.0,0.0,-3.27,0.0,XAUUSDm,[so 0.00%/-1.72/0.00],
868961930,2131667639,2025-06-03 12:06:37,1748952397938,1,1,0,2131275126,6,0.02,3353.245,0.0,0.0,-3.11,0.0,XAUUSDm,[so 0.00%/-1.72/0.00],
868961934,2131667643,2025-06-03 12:06:37,1748952397939,1,1,0,2131273833,6,0.02,3353.245,0.0,0.0,-1.11,0.0,XAUUSDm,[so 0.00%/-1.72/0.00],
868961938,2131667648,2025-06-03 12:06:37,1748952397940,1,1,0,2131274561,6,0.02,3353.245,0.0,0.0,-1.11,0.0,XAUUSDm,[so 0.00%/-1.72/0.00],
869019350,2131724600,2025-06-03 12:26:03,1748953563555,1,0,0,2131724600,1,0.02,3355.0840000000003,0.0,0.0,0.0,0.0,XAUUSDm,,
869020103,2131725372,2025-06-03 12:26:23,1748953583514,1,0,0,2131725372,1,0.02,3355.106,0.0,0.0,0.0,0.0,XAUUSDm,,
869021112,2131726375,2025-06-03 12:27:09,1748953629634,1,0,0,2131726375,1,0.02,3355.301,0.0,0.0,0.0,0.0,XAUUSDm,,
869023226,2131728521,2025-06-03 12:28:30,1748953710929,1,0,0,2131728521,1,0.02,3354.714,0.0,0.0,0.0,0.0,XAUUSDm,,
869025362,2131730776,2025-06-03 12:30:42,1748953842785,1,0,0,2131730776,1,0.02,3354.746,0.0,0.0,0.0,0.0,XAUUSDm,,
869035443,2131741139,2025-06-03 12:36:27,1748954187792,1,0,0,2131741139,1,0.02,3355.03,0.0,0.0,0.0,0.0,XAUUSDm,,
869043706,2131749387,2025-06-03 12:39:42,1748954382967,0,1,0,2131728521,6,0.02,3358.188,0.0,0.0,-6.95,0.0,XAUUSDm,[so 0.00%/-0.07/0.00],
869043707,2131749388,2025-06-03 12:39:42,1748954382968,0,1,0,2131730776,6,0.02,3358.188,0.0,0.0,-6.89,0.0,XAUUSDm,[so 0.00%/-0.07/0.00],
869043708,2131749389,2025-06-03 12:39:42,1748954382968,0,1,0,2131741139,6,0.02,3358.188,0.0,0.0,-6.32,0.0,XAUUSDm,[so 0.00%/-0.07/0.00],
869043709,2131749390,2025-06-03 12:39:42,1748954382969,0,1,0,2131724600,6,0.02,3358.188,0.0,0.0,-6.21,0.0,XAUUSDm,[so 0.00%/-0.07/0.00],
869043710,2131749391,2025-06-03 12:39:42,1748954382970,0,1,0,2131725372,6,0.02,3358.188,0.0,0.0,-6.17,0.0,XAUUSDm,[so 0.00%/-0.07/0.00],
869043711,2131749392,2025-06-03 12:39:42,1748954382971,0,1,0,2131726375,6,0.02,3358.188,0.0,0.0,-5.78,0.0,XAUUSDm,[so 0.00%/-0.07/0.00],
871931109,2134705139,2025-06-05 07:52:23,1749109943980,1,0,0,2134705139,1,0.02,3370.639,0.0,0.0,0.0,0.0,XAUUSDm,,
871931246,2134705246,2025-06-05 07:52:33,1749109953840,1,0,0,2134705246,1,0.02,3370.533,0.0,0.0,0.0,0.0,XAUUSDm,,
871932629,2134706556,2025-06-05 07:53:34,1749110014491,1,0,0,2134706556,1,0.02,3371.535,0.0,0.0,0.0,0.0,XAUUSDm,,
871944310,2134705401,2025-06-05 08:02:57,1749110577018,1,0,0,2134705401,0,0.02,3372.4,0.0,0.0,0.0,0.0,XAUUSDm,,proactive
871948072,2134705982,2025-06-05 08:04:17,1749110657621,1,0,0,2134705982,0,0.02,3373.4,0.0,0.0,0.0,0.0,XAUUSDm,,proactive
871974114,2134751269,2025-06-05 08:28:36,1749112116113,1,0,0,2134751269,1,0.01,3372.824,0.0,0.0,0.0,0.0,XAUUSDm,,
871978782,2134756400,2025-06-05 08:32:44,1749112364268,1,0,0,2134756400,1,0.01,3372.645,0.0,0.0,0.0,0.0,XAUUSDm,,
871989842,2134767568,2025-06-05 08:43:47,1749113027936,0,1,0,2134705246,6,0.02,3375.064,0.0,0.0,-9.06,0.0,XAUUSDm,[so 0.00%/-0.03/0.00],
871990006,2134767570,2025-06-05 08:43:47,1749113027961,0,1,0,2134705139,6,0.02,3375.064,0.0,0.0,-8.85,0.0,XAUUSDm,[so 0.00%/-0.03/0.00],
871990015,2134767706,2025-06-05 08:43:47,1749113027969,0,1,0,2134706556,6,0.02,3375.187,0.0,0.0,-7.3,0.0,XAUUSDm,[so 0.00%/-1.01/0.00],
871990018,2134767712,2025-06-05 08:43:47,1749113027972,0,1,0,2134705401,6,0.02,3375.187,0.0,0.0,-5.57,0.0,XAUUSDm,[so 0.00%/-1.01/0.00],
871990025,2134767714,2025-06-05 08:43:47,1749113027973,0,1,0,2134705982,6,0.02,3375.187,0.0,0.0,-3.57,0.0,XAUUSDm,[so 0.00%/-1.01/0.00],
871990031,2134767719,2025-06-05 08:43:47,1749113027974,0,1,0,2134756400,6,0.01,3375.187,0.0,0.0,-2.54,0.0,XAUUSDm,[so 0.00%/-1.01/0.00],
871990035,2134767724,2025-06-05 08:43:47,1749113027975,0,1,0,2134751269,6,0.01,3375.187,0.0,0.0,-2.37,0.0,XAUUSDm,[so 0.00%/-1.01/0.00],
883243021,2146120871,2025-06-13 07:05:08,1749798308979,0,0,0,2146120871,0,0.02,3411.8,0.0,0.0,0.0,0.0,XAUUSDm,,proactive
883243865,2146119483,2025-06-13 07:05:21,1749798321818,0,0,0,2146119483,0,0.02,3410.8,0.0,0.0,0.0,0.0,XAUUSDm,,proactive
883251571,2146122563,2025-06-13 07:08:56,1749798536698,0,0,0,2146122563,0,0.02,3409.8,0.0,0.0,0.0,0.0,XAUUSDm,,proactive
883254240,2146120051,2025-06-13 07:10:09,1749798609874,0,0,0,2146120051,0,0.02,3408.8,0.0,0.0,0.0,0.0,XAUUSDm,,proactive
883256828,2146155298,2025-06-13 07:11:12,1749798672540,0,0,0,2146155298,1,0.02,3410.666,0.0,0.0,0.0,0.0,XAUUSDm,,
883338172,2146237076,2025-06-13 08:11:51,1749802311047,0,0,0,2146237076,1,0.02,3417.873,0.0,0.0,0.0,0.0,XAUUSDm,,
883338270,2146237173,2025-06-13 08:11:56,1749802316800,0,0,0,2146237173,1,0.02,3417.607,0.0,0.0,0.0,0.0,XAUUSDm,,
883432959,2146334835,2025-06-13 09:24:35,1749806675889,0,0,0,2146334835,1,0.02,3422.159,0.0,0.0,0.0,0.0,XAUUSDm,,
883443014,2146335185,2025-06-13 09:30:42,1749807042858,0,0,0,2146335185,0,0.02,3421.4,0.0,0.0,0.0,0.0,XAUUSDm,,proactive
883505527,2146407187,2025-06-13 10:10:46,1749809446912,0,0,0,2146407187,1,0.02,3423.765,0.0,0.0,0.0,0.0,XAUUSDm,,
883506300,2146394801,2025-06-13 10:11:07,1749809467658,0,0,0,2146394801,0,0.02,3422.8,0.0,0.0,0.0,0.0,XAUUSDm,,proactive
883514454,0,2025-06-13 10:14:04,1749809644335,1,1,0,2146120051,4,0.02,3419.4,0.0,0.0,21.2,0.0,XAUUSDm,[sl 3419.40000],proactive
883514456,0,2025-06-13 10:14:04,1749809644335,1,1,0,2146119483,4,0.02,3419.4,0.0,0.0,17.2,0.0,XAUUSDm,[sl 3419.40000],proactive
883514457,0,2025-06-13 10:14:04,1749809644335,1,1,0,2146334835,4,0.02,3419.4,0.0,0.0,-5.52,0.0,XAUUSDm,[sl 3419.40000],proactive
883514458,0,2025-06-13 10:14:04,1749809644335,1,1,0,2146122563,4,0.02,3419.4,0.0,0.0,19.2,0.0,XAUUSDm,[sl 3419.40000],proactive
883514459,0,2025-06-13 10:14:04,1749809644336,1,1,0,2146394801,4,0.02,3419.4,0.0,0.0,-6.8,0.0,XAUUSDm,[sl 3419.40000],proactive
883514461,0,2025-06-13 10:14:04,1749809644339,1,1,0,2146407187,4,0.02,3419.4,0.0,0.0,-8.73,0.0,XAUUSDm,[sl 3419.40000],proactive
883514462,2146415858,2025-06-13 10:14:04,1749809644339,1,1,0,2146237173,4,0.02,3419.4,0.0,0.0,3.59,0.0,XAUUSDm,[sl 3419.400],
883514463,2146415860,2025-06-13 10:14:04,1749809644339,1,1,0,2146335185,4,0.02,3419.4,0.0,0.0,-4.0,0.0,XAUUSDm,[sl 3419.400],
883514464,0,2025-06-13 10:14:04,1749809644342,1,1,0,2146237076,4,0.02,3419.4,0.0,0.0,3.05,0.0,XAUUSDm,[sl 3419.40000],proactive
883514465,0,2025-06-13 10:14:04,1749809644343,1,1,0,2146120871,4,0.02,3419.4,0.0,0.0,15.2,0.0,XAUUSDm,[sl 3419.40000],proactive
883514466,2146415856,2025-06-13 10:14:04,1749809644343,1,1,0,2146155298,4,0.02,3419.4,0.0,0.0,17.47,0.0,XAUUSDm,[sl 3419.400],
883559575,2146460791,2025-06-13 10:30:39,1749810639148,0,0,0,2146460791,1,0.02,3422.87,0.0,0.0,0.0,0.0,XAUUSDm,,
883563516,2146464679,2025-06-13 10:32:13,1749810733818,0,0,0,2146464679,1,0.02,3423.123,0.0,0.0,0.0,0.0,XAUUSDm,,
883565474,2146461232,2025-06-13 10:32:54,1749810774417,0,0,0,2146461232,0,0.02,3421.8,0.0,0.0,0.0,0.0,XAUUSDm,,proactive
883566112,2146461806,2025-06-13 10:33:02,1749810782218,0,0,0,2146461806,0,0.02,3420.8,0.0,0.0,0.0,0.0,XAUUSDm,,proactive
883568923,2146461016,2025-06-13 10:34:03,1749810843967,0,0,0,2146461016,0,0.02,3419.784,0.0,0.0,0.0,0.0,XAUUSDm,,proactive
883570881,2146471907,2025-06-13 10:34:20,1749810860311,0,0,0,2146471907,1,0.02,3418.715,0.0,0.0,0.0,0.0,XAUUSDm,,
883574278,0,2025-06-13 10:35:40,1749810940038,1,1,0,2146471907,4,0.02,3416.4,0.0,0.0,-4.63,0.0,XAUUSDm,[sl 3416.40000],proactive
883574279,0,2025-06-13 10:35:40,1749810940041,1,1,0,2146460791,4,0.02,3416.4,0.0,0.0,-12.94,0.0,XAUUSDm,[sl 3416.40000],proactive
883574280,0,2025-06-13 10:35:40,1749810940041,1,1,0,2146461016,4,0.02,3416.4,0.0,0.0,-6.77,0.0,XAUUSDm,[sl 3416.40000],proactive
883574282,0,2025-06-13 10:35:40,1749810940041,1,1,0,2146464679,4,0.02,3416.4,0.0,0.0,-13.45,0.0,XAUUSDm,[sl 3416.40000],proactive
883575835,2146476860,2025-06-13 10:35:54,1749810954969,1,1,0,2146461232,1,0.02,3415.444,0.0,0.0,-12.71,0.0,XAUUSDm,,
883576014,2146477047,2025-06-13 10:35:58,1749810958546,1,1,0,2146461806,1,0.02,3415.4590000000003,0.0,0.0,-10.68,0.0,XAUUSDm,,
883948247,2146855812,2025-06-13 13:33:17,1749821597792,1,0,0,2146855812,1,0.02,3441.308,0.0,0.0,0.0,0.0,XAUUSDm,,
883949756,2146857332,2025-06-13 13:33:45,1749821625710,1,0,0,2146857332,1,0.02,3440.9970000000003,0.0,0.0,0.0,0.0,XAUUSDm,,
883950777,2146858346,2025-06-13 13:34:04,1749821644469,1,0,0,2146858346,1,0.02,3442.293,0.0,0.0,0.0,0.0,XAUUSDm,,
883952658,2146860309,2025-06-13 13:35:06,1749821706265,1,0,0,2146860309,1,0.02,3442.033,0.0,0.0,0.0,0.0,XAUUSDm,,
883955220,2146862763,2025-06-13 13:35:31,1749821731471,1,0,0,2146862763,1,0.02,3444.472,0.0,0.0,0.0,0.0,XAUUSDm,,
883982549,2146890270,2025-06-13 13:44:17,1749822257970,1,0,0,2146890270,1,0.02,3442.799,0.0,0.0,0.0,0.0,XAUUSDm,,
884034087,2146950584,2025-06-13 14:05:10,1749823510892,0,1,0,2146858346,4,0.02,3435.937,0.0,0.0,12.72,0.0,XAUUSDm,[sl 3435.800],
884034718,2146951227,2025-06-13 14:05:23,1749823523013,1,0,0,2146951227,1,0.02,3435.655,0.0,0.0,0.0,0.0,XAUUSDm,,
884035772,2146952297,2025-06-13 14:05:41,1749823541897,1,0,0,2146952297,1,0.02,3436.509,0.0,0.0,0.0,0.0,XAUUSDm,,
884102031,0,2025-06-13 14:25:16,1749824716466,0,1,0,2146862763,4,0.02,3432.8,0.0,0.0,23.34,0.0,XAUUSDm,[sl 3432.80000],proactive
884102032,0,2025-06-13 14:25:16,1749824716466,0,1,0,2146860309,4,0.02,3432.8,0.0,0.0,18.47,0.0,XAUUSDm,[sl 3432.80000],proactive
884102033,0,2025-06-13 14:25:16,1749824716469,0,1,0,2146890270,4,0.02,3432.8,0.0,0.0,20.0,0.0,XAUUSDm,[sl 3432.80000],proactive
884102034,2147018009,2025-06-13 14:25:16,1749824716469,0,1,0,2146952297,4,0.02,3432.8,0.0,0.0,7.42,0.0,XAUUSDm,[sl 3432.800],
884102035,0,2025-06-13 14:25:16,1749824716470,0,1,0,2146857332,4,0.02,3432.8,0.0,0.0,16.39,0.0,XAUUSDm,[sl 3432.80000],proactive
884102036,2147018008,2025-06-13 14:25:16,1749824716470,0,1,0,2146951227,4,0.02,3432.8,0.0,0.0,5.71,0.0,XAUUSDm,[sl 3432.800],
884102037,0,2025-06-13 14:25:16,1749824716470,0,1,0,2146855812,4,0.02,3432.8,0.0,0.0,17.02,0.0,XAUUSDm,[sl 3432.80000],proactive
884115378,2147031202,2025-06-13 14:30:19,1749825019803,1,0,0,2147031202,1,0.02,3435.304,0.0,0.0,0.0,0.0,XAUUSDm,,
884116275,2147031993,2025-06-13 14:30:45,1749825045868,1,0,0,2147031993,0,0.02,3435.8,0.0,0.0,0.0,0.0,XAUUSDm,,proactive
884117417,2147033275,2025-06-13 14:31:03,1749825063290,1,0,0,2147033275,1,0.02,3435.8720000000003,0.0,0.0,0.0,0.0,XAUUSDm,,
884120239,2147036198,2025-06-13 14:32:24,1749825144177,1,0,0,2147036198,1,0.02,3435.107,0.0,0.0,0.0,0.0,XAUUSDm,,
884130618,2147046598,2025-06-13 14:37:51,1749825471773,1,0,0,2147046598,1,0.02,3434.707,0.0,0.0,0.0,0.0,XAUUSDm,,
884148849,0,2025-06-13 14:46:44,1749826004413,0,1,0,2147036198,4,0.02,3438.8,0.0,0.0,-7.39,0.0,XAUUSDm,[sl 3438.80000],proactive
884148850,0,2025-06-13 14:46:44,1749826004413,0,1,0,2147031993,4,0.02,3438.8,0.0,0.0,-6.0,0.0,XAUUSDm,[sl 3438.80000],proactive
884148851,0,2025-06-13 14:46:44,1749826004413,0,1,0,2147031202,4,0.02,3438.8,0.0,0.0,-6.99,0.0,XAUUSDm,[sl 3438.80000],proactive
884148852,0,2025-06-13 14:46:44,1749826004413,0,1,0,2147046598,4,0.02,3438.8,0.0,0.0,-8.19,0.0,XAUUSDm,[sl 3438.80000],proactive
884148853,0,2025-06-13 14:46:44,1749826004413,0,1,0,2147033275,4,0.02,3438.8,0.0,0.0,-5.86,0.0,XAUUSDm,[sl 3438.80000],proactive
884243452,2147158264,2025-06-13 15:22:40,1749828160112,1,0,0,2147158264,1,0.02,3427.773,0.0,0.0,0.0,0.0,XAUUSDm,,
884243584,2147158389,2025-06-13 15:22:44,1749828164442,1,0,0,2147158389,1,0.02,3428.254,0.0,0.0,0.0,0.0,XAUUSDm,,
884253591,2147158813,2025-06-13 15:28:10,1749828490218,1,0,0,2147158813,0,0.02,3429.4,0.0,0.0,0.0,0.0,XAUUSDm,,proactive
884372551,2147159240,2025-06-13 16:39:13,1749832753388,1,0,0,2147159240,0,0.02,3430.4,0.0,0.0,0.0,0.0,XAUUSDm,,proactive
884388812,2147302349,2025-06-13 16:49:22,1749833362989,0,1,0,2147159240,1,0.02,3429.08,0.0,0.0,2.64,0.0,XAUUSDm,,
884388850,2147302389,2025-06-13 16:49:27,1749833367109,0,1,0,2147158813,1,0.02,3429.125,0.0,0.0,0.55,0.0,XAUUSDm,,
884388899,2147302440,2025-06-13 16:49:33,1749833373119,0,1,0,2147158389,1,0.02,3429.06,0.0,0.0,-1.6099999999999999,0.0,XAUUSDm,,
884389015,2147302552,2025-06-13 16:49:40,1749833380690,0,1,0,2147158264,1,0.02,3428.605,0.0,0.0,-1.6600000000000001,0.0,XAUUSDm,,
885531145,2148492309,2025-06-16 02:39:30,1750041570222,1,0,0,2148492309,1,0.02,3441.166,0.0,0.0,0.0,0.0,XAUUSDm,,
885531928,2148493115,2025-06-16 02:39:45,1750041585594,1,0,0,2148493115,1,0.02,3441.85,0.0,0.0,0.0,0.0,XAUUSDm,,
885534914,2148496089,2025-06-16 02:43:41,1750041821658,1,0,0,2148496089,1,0.02,3442.525,0.0,0.0,0.0,0.0,XAUUSDm,,
885535269,2148493004,2025-06-16 02:44:17,1750041857429,1,0,0,2148493004,0,0.02,3443.4,0.0,0.0,0.0,0.0,XAUUSDm,,proactive
885544998,2148506208,2025-06-16 02:55:21,1750042521396,1,0,0,2148506208,1,0.02,3441.4990000000003,0.0,0.0,0.0,0.0,XAUUSDm,,
885827794,0,2025-06-16 06:15:06,1750054506619,0,1,0,2148496089,4,0.02,3419.8,0.0,0.0,45.45,0.0,XAUUSDm,[sl 3419.80000],proactive
885827795,0,2025-06-16 06:15:06,1750054506619,0,1,0,2148506208,4,0.02,3419.8,0.0,0.0,43.4,0.0,XAUUSDm,[sl 3419.80000],proactive
885827796,0,2025-06-16 06:15:06,1750054506619,0,1,0,2148493115,4,0.02,3419.8,0.0,0.0,44.1,0.0,XAUUSDm,[sl 3419.80000],proactive
885827798,0,2025-06-16 06:15:06,1750054506623,0,1,0,2148493004,4,0.02,3419.8,0.0,0.0,47.2,0.0,XAUUSDm,[sl 3419.80000],proactive
885827799,0,2025-06-16 06:15:06,1750054506623,0,1,0,2148492309,4,0.02,3419.8,0.0,0.0,42.73,0.0,XAUUSDm,[sl 3419.80000],proactive
885950845,2148907885,2025-06-16 07:14:19,1750058059175,0,0,0,2148907885,1,0.02,3410.764,0.0,0.0,0.0,0.0,XAUUSDm,,
885951298,2148908347,2025-06-16 07:14:28,1750058068976,0,0,0,2148908347,1,0.02,3410.861,0.0,0.0,0.0,0.0,XAUUSDm,,
885952061,2148909153,2025-06-16 07:14:55,1750058095506,0,0,0,2148909153,1,0.02,3411.011,0.0,0.0,0.0,0.0,XAUUSDm,,
885955646,2148912768,2025-06-16 07:16:16,1750058176226,0,0,0,2148912768,1,0.02,3411.111,0.0,0.0,0.0,0.0,XAUUSDm,,
885955665,2148910940,2025-06-16 07:16:16,1750058176401,0,0,0,2148910940,0,0.02,3410.8,0.0,0.0,0.0,0.0,XAUUSDm,,proactive
885959750,2148908646,2025-06-16 07:19:08,1750058348055,0,0,0,2148908646,0,0.02,3410.8,0.0,0.0,0.0,0.0,XAUUSDm,,proactive
886012403,2148972748,2025-06-16 07:52:01,1750060321006,0,0,0,2148972748,1,0.02,3412.468,0.0,0.0,0.0,0.0,XAUUSDm,,
886034247,2148998224,2025-06-16 08:09:56,1750061396166,0,0,0,2148998224,1,0.02,3411.044,0.0,0.0,0.0,0.0,XAUUSDm,,
886377296,0,2025-06-16 11:32:53,1750073573407,1,1,0,2148972748,4,0.02,3416.4,0.0,0.0,7.86,0.0,XAUUSDm,[sl 3416.40000],proactive
886377298,0,2025-06-16 11:32:53,1750073573407,1,1,0,2148909153,4,0.02,3416.4,0.0,0.0,10.78,0.0,XAUUSDm,[sl 3416.40000],proactive
886377303,0,2025-06-16 11:32:53,1750073573407,1,1,0,2148998224,4,0.02,3416.4,0.0,0.0,10.71,0.0,XAUUSDm,[sl 3416.40000],proactive
886377304,2149339657,2025-06-16 11:32:53,1750073573408,1,1,0,2148908347,4,0.02,3416.4,0.0,0.0,11.08,0.0,XAUUSDm,[sl 3416.400],
886377315,0,2025-06-16 11:32:53,1750073573422,1,1,0,2148908646,4,0.02,3416.4,0.0,0.0,11.2,0.0,XAUUSDm,[sl 3416.40000],proactive
886377318,0,2025-06-16 11:32:53,1750073573422,1,1,0,2148912768,4,0.02,3416.4,0.0,0.0,10.58,0.0,XAUUSDm,[sl 3416.40000],proactive
886377319,0,2025-06-16 11:32:53,1750073573422,1,1,0,2148910940,4,0.02,3416.4,0.0,0.0,11.2,0.0,XAUUSDm,[sl 3416.40000],proactive
886377320,2149339653,2025-06-16 11:32:53,1750073573423,1,1,0,2148907885,4,0.02,3416.4,0.0,0.0,11.27,0.0,XAUUSDm,[sl 3416.400],
886432136,2149393906,2025-06-16 11:55:35,1750074935581,1,0,0,2149393906,1,0.02,3415.035,0.0,0.0,0.0,0.0,XAUUSDm,,
886432247,2149394018,2025-06-16 11:55:44,1750074944420,1,0,0,2149394018,1,0.02,3415.138,0.0,0.0,0.0,0.0,XAUUSDm,,
886433292,2149395075,2025-06-16 11:56:44,1750075004362,1,0,0,2149395075,1,0.02,3415.102,0.0,0.0,0.0,0.0,XAUUSDm,,
886434489,2149396310,2025-06-16 11:57:51,1750075071819,1,0,0,2149396310,1,0.02,3415.108,0.0,0.0,0.0,0.0,XAUUSDm,,
886437869,2149400117,2025-06-16 12:01:03,1750075263964,1,0,0,2149400117,1,0.02,3414.342,0.0,0.0,0.0,0.0,XAUUSDm,,
886442163,2149405941,2025-06-16 12:04:14,1750075454078,1,0,0,2149405941,1,0.02,3414.869,0.0,0.0,0.0,0.0,XAUUSDm,,
886446925,2149411947,2025-06-16 12:07:50,1750075670570,1,0,0,2149411947,1,0.02,3416.4880000000003,0.0,0.0,0.0,0.0,XAUUSDm,,
886619745,2149592937,2025-06-16 13:25:51,1750080351112,1,0,0,2149592937,1,0.02,3413.991,0.0,0.0,0.0,0.0,XAUUSDm,,
886619912,2149593125,2025-06-16 13:26:01,1750080361694,1,0,0,2149593125,1,0.02,3413.712,0.0,0.0,0.0,0.0,XAUUSDm,,
886783431,0,2025-06-16 14:04:30,1750082670379,0,1,0,2149405941,4,0.02,3396.141,0.0,0.0,37.46,0.0,XAUUSDm,[sl 3396.14100],proactive
886783433,0,2025-06-16 14:04:30,1750082670379,0,1,0,2149593125,4,0.02,3396.141,0.0,0.0,35.14,0.0,XAUUSDm,[sl 3396.14100],proactive
886783434,0,2025-06-16 14:04:30,1750082670379,0,1,0,2149592937,4,0.02,3396.141,0.0,0.0,35.7,0.0,XAUUSDm,[sl 3396.14100],proactive
886783435,0,2025-06-16 14:04:30,1750082670379,0,1,0,2149396310,4,0.02,3396.141,0.0,0.0,37.94,0.0,XAUUSDm,[sl 3396.14100],proactive
886783436,2149753228,2025-06-16 14:04:30,1750082670380,0,1,0,2149400117,4,0.02,3396.141,0.0,0.0,36.4,0.0,XAUUSDm,[sl 3395.800],
886783437,0,2025-06-16 14:04:30,1750082670379,0,1,0,2149393906,4,0.02,3396.141,0.0,0.0,37.79,0.0,XAUUSDm,[sl 3396.14100],proactive
886783438,0,2025-06-16 14:04:30,1750082670379,0,1,0,2149395075,4,0.02,3396.141,0.0,0.0,37.92,0.0,XAUUSDm,[sl 3396.14100],proactive
886783439,2149753230,2025-06-16 14:04:30,1750082670381,0,1,0,2149411947,4,0.02,3396.141,0.0,0.0,40.7,0.0,XAUUSDm,[sl 3395.800],
886783440,2149753225,2025-06-16 14:04:30,1750082670381,0,1,0,2149394018,4,0.02,3396.141,0.0,0.0,38.0,0.0,XAUUSDm,[sl 3395.800],
887029029,2149998512,2025-06-16 16:12:07,1750090327955,1,0,0,2149998512,1,0.02,3400.226,0.0,0.0,0.0,0.0,XAUUSDm,,
887029318,2149998802,2025-06-16 16:12:10,1750090330435,1,0,0,2149998802,1,0.02,3400.041,0.0,0.0,0.0,0.0,XAUUSDm,,
887029598,2149999102,2025-06-16 16:12:19,1750090339685,1,0,0,2149999102,1,0.02,3400.506,0.0,0.0,0.0,0.0,XAUUSDm,,
887030632,2150000141,2025-06-16 16:12:58,1750090378965,1,0,0,2150000141,1,0.02,3400.117,0.0,0.0,0.0,0.0,XAUUSDm,,
887031282,2150000774,2025-06-16 16:13:16,1750090396575,1,0,0,2150000774,1,0.02,3400.389,0.0,0.0,0.0,0.0,XAUUSDm,,
887090088,2150059855,2025-06-16 17:01:38,1750093298574,0,1,0,2150000774,1,0.02,3400.304,0.0,0.0,0.17,0.0,XAUUSDm,,
887090160,2150059931,2025-06-16 17:01:43,1750093303405,0,1,0,2149999102,1,0.02,3400.176,0.0,0.0,0.66,0.0,XAUUSDm,,
887090199,2150059969,2025-06-16 17:01:47,1750093307274,0,1,0,2149998802,1,0.02,3400.167,0.0,0.0,-0.25,0.0,XAUUSDm,,
887090266,2150060038,2025-06-16 17:01:52,1750093312313,0,1,0,2150000141,1,0.02,3399.948,0.0,0.0,0.33,0.0,XAUUSDm,,
887090354,2150060131,2025-06-16 17:01:57,1750093317015,0,1,0,2149998512,1,0.02,3400.067,0.0,0.0,0.32,0.0,XAUUSDm,,
887660984,2150500788,2025-06-17 03:05:33,1750129533124,0,0,0,2150500788,0,0.02,3387.8,0.0,0.0,0.0,0.0,XAUUSDm,,proactive
887661798,2150500590,2025-06-17 03:05:49,1750129549992,0,0,0,2150500590,0,0.02,3386.8,0.0,0.0,0.0,0.0,XAUUSDm,,proactive
887661802,2150510069,2025-06-17 03:05:49,1750129549992,0,0,0,2150510069,0,0.02,3386.8,0.0,0.0,0.0,0.0,XAUUSDm,,proactive
887664010,2150631484,2025-06-17 03:07:20,1750129640428,0,0,0,2150631484,1,0.02,3386.202,0.0,0.0,0.0,0.0,XAUUSDm,,
887664247,2150501059,2025-06-17 03:07:22,1750129642281,0,0,0,2150501059,0,0.02,3385.8,0.0,0.0,0.0,0.0,XAUUSDm,,proactive
887666452,2150500325,2025-06-17 03:09:18,1750129758582,0,0,0,2150500325,0,0.02,3385.701,0.0,0.0,0.0,0.0,XAUUSDm,,proactive
887668210,2150635429,2025-06-17 03:09:41,1750129781727,0,0,0,2150635429,1,0.02,3385.547,0.0,0.0,0.0,0.0,XAUUSDm,,
887673340,0,2025-06-17 03:12:01,1750129921249,1,1,0,2150500590,4,0.02,3381.4,0.0,0.0,-10.8,0.0,XAUUSDm,[sl 3381.40000],proactive
887673342,2150640268,2025-06-17 03:12:01,1750129921250,1,1,0,2150500788,4,0.02,3381.4,0.0,0.0,-12.8,0.0,XAUUSDm,[sl 3381.400],
887673343,0,2025-06-17 03:12:01,1750129921249,1,1,0,2150500325,4,0.02,3381.4,0.0,0.0,-8.6,0.0,XAUUSDm,[sl 3381.40000],proactive
887673344,0,2025-06-17 03:12:01,1750129921249,1,1,0,2150510069,4,0.02,3381.4,0.0,0.0,-10.8,0.0,XAUUSDm,[sl 3381.40000],proactive
887673345,0,2025-06-17 03:12:01,1750129921249,1,1,0,2150501059,4,0.02,3381.4,0.0,0.0,-8.8,0.0,XAUUSDm,[sl 3381.40000],proactive
887673346,0,2025-06-17 03:12:01,1750129921249,1,1,0,2150631484,4,0.02,3381.4,0.0,0.0,-9.6,0.0,XAUUSDm,[sl 3381.40000],proactive
887673347,2150640272,2025-06-17 03:12:01,1750129921251,1,1,0,2150635429,4,0.02,3381.4,0.0,0.0,-8.29,0.0,XAUUSDm,[sl 3381.400],
887716345,2150682482,2025-06-17 03:35:59,1750131359893,0,0,0,2150682482,1,0.02,3386.8360000000002,0.0,0.0,0.0,0.0,XAUUSDm,,
887716467,2150682602,2025-06-17 03:36:08,1750131368859,0,0,0,2150682602,1,0.02,3387.245,0.0,0.0,0.0,0.0,XAUUSDm,,
887716601,2150682740,2025-06-17 03:36:23,1750131383479,0,0,0,2150682740,1,0.02,3387.446,0.0,0.0,0.0,0.0,XAUUSDm,,
887722742,2150689095,2025-06-17 03:44:06,1750131846657,1,1,0,2150682740,6,0.02,3385.223,0.0,0.0,-4.44,0.0,XAUUSDm,[so 0.00%/-0.06/0.00],
887722743,2150689096,2025-06-17 03:44:06,1750131846657,1,1,0,2150682602,6,0.02,3385.223,0.0,0.0,-4.04,0.0,XAUUSDm,[so 0.00%/-0.06/0.00],
887722744,2150689097,2025-06-17 03:44:06,1750131846658,1,1,0,2150682482,6,0.02,3385.223,0.0,0.0,-3.22,0.0,XAUUSDm,[so 0.00%/-0.06/0.00],
888085994,2151050787,2025-06-17 08:44:31,1750149871792,0,0,0,2151050787,1,0.02,3383.14,0.0,0.0,0.0,0.0,XAUUSDm,,
888086125,2151050915,2025-06-17 08:44:36,1750149876450,0,0,0,2151050915,1,0.02,3382.98,0.0,0.0,0.0,0.0,XAUUSDm,,
888087140,2151051190,2025-06-17 08:45:17,1750149917792,0,0,0,2151051190,0,0.02,3382.8,0.0,0.0,0.0,0.0,XAUUSDm,,proactive
888133033,2151105828,2025-06-17 09:08:54,1750151334659,1,1,0,2151050787,6,0.02,3376.538,0.0,0.0,-13.2,0.0,XAUUSDm,[so 0.00%/-0.02/0.00],
888133173,2151105944,2025-06-17 09:08:54,1750151334681,1,1,0,2151050915,6,0.02,3376.294,0.0,0.0,-13.37,0.0,XAUUSDm,[so 0.00%/-0.99/0.00],
888133200,2151106046,2025-06-17 09:08:54,1750151334684,1,1,0,2151051190,6,0.02,3376.223,0.0,0.0,-13.15,0.0,XAUUSDm,[so 0.00%/-1.47/0.00],
889591958,2152573483,2025-06-18 01:13:45,1750209225637,1,0,0,2152573483,0,0.01,3383.4,0.0,0.0,0.0,0.0,XAUUSDm,,proactive
889592151,2152573698,2025-06-18 01:13:58,1750209238386,1,0,0,2152573698,1,0.02,3383.376,0.0,0.0,0.0,0.0,XAUUSDm,,
889592550,2152574109,2025-06-18 01:14:38,1750209278608,1,0,0,2152574109,1,0.02,3383.478,0.0,0.0,0.0,0.0,XAUUSDm,,
889593089,2152573766,2025-06-18 01:15:21,1750209321390,1,0,0,2152573766,0,0.02,3384.4,0.0,0.0,0.0,0.0,XAUUSDm,,proactive
889595747,2152577346,2025-06-18 01:19:22,1750209562328,1,0,0,2152577346,1,0.02,3383.502,0.0,0.0,0.0,0.0,XAUUSDm,,
889595816,2152577419,2025-06-18 01:19:32,1750209572069,1,0,0,2152577419,1,0.01,3383.89,0.0,0.0,0.0,0.0,XAUUSDm,,
889600509,2152582170,2025-06-18 01:29:18,1750210158160,0,1,0,2152573698,6,0.02,3387.527,0.0,0.0,-8.3,0.0,XAUUSDm,[so 0.00%/-0.21/0.00],
889600510,2152582171,2025-06-18 01:29:18,1750210158161,0,1,0,2152574109,6,0.02,3387.527,0.0,0.0,-8.09,0.0,XAUUSDm,[so 0.00%/-0.21/0.00],
889600511,2152582172,2025-06-18 01:29:18,1750210158161,0,1,0,2152577346,6,0.02,3387.527,0.0,0.0,-8.05,0.0,XAUUSDm,[so 0.00%/-0.21/0.00],
889600513,2152582173,2025-06-18 01:29:18,1750210158162,0,1,0,2152573766,6,0.02,3387.527,0.0,0.0,-6.25,0.0,XAUUSDm,[so 0.00%/-0.21/0.00],
889600514,2152582174,2025-06-18 01:29:18,1750210158163,0,1,0,2152573483,6,0.01,3387.527,0.0,0.0,-4.13,0.0,XAUUSDm,[so 0.00%/-0.21/0.00],
889600515,2152582175,2025-06-18 01:29:18,1750210158164,0,1,0,2152577419,6,0.01,3387.527,0.0,0.0,-3.64,0.0,XAUUSDm,[so 0.00%/-0.21/0.00],
893844354,2156912145,2025-06-20 11:06:06,1750417566615,1,0,0,2156912145,1,0.02,3353.859,0.0,0.0,0.0,0.0,XAUUSDm,,
893844506,2156912324,2025-06-20 11:06:11,1750417571375,1,0,0,2156912324,1,0.02,3354.139,0.0,0.0,0.0,0.0,XAUUSDm,,
893848306,2156916158,2025-06-20 11:07:28,1750417648356,1,0,0,2156916158,1,0.02,3354.193,0.0,0.0,0.0,0.0,XAUUSDm,,
893849791,2156913164,2025-06-20 11:08:17,1750417697432,1,0,0,2156913164,0,0.02,3354.4,0.0,0.0,0.0,0.0,XAUUSDm,,proactive
893849792,2156913501,2025-06-20 11:08:17,1750417697432,1,0,0,2156913501,0,0.02,3354.4,0.0,0.0,0.0,0.0,XAUUSDm,,proactive
893855053,2156923096,2025-06-20 11:11:26,1750417886982,1,0,0,2156923096,1,0.02,3354.704,0.0,0.0,0.0,0.0,XAUUSDm,,
893912710,2156988800,2025-06-20 11:47:02,1750420022660,1,0,0,2156988800,1,0.02,3353.5860000000002,0.0,0.0,0.0,0.0,XAUUSDm,,
894118114,2157214394,2025-06-20 13:25:19,1750425919694,0,1,0,2156988800,6,0.02,3356.927,0.0,0.0,-6.68,0.0,XAUUSDm,[so 0.00%/-0.13/0.00],
894118119,2157214396,2025-06-20 13:25:19,1750425919696,0,1,0,2156912145,6,0.02,3356.927,0.0,0.0,-6.13,0.0,XAUUSDm,[so 0.00%/-0.13/0.00],
894118121,2157214399,2025-06-20 13:25:19,1750425919697,0,1,0,2156912324,6,0.02,3356.927,0.0,0.0,-5.57,0.0,XAUUSDm,[so 0.00%/-0.13/0.00],
894118123,2157214401,2025-06-20 13:25:19,1750425919698,0,1,0,2156916158,6,0.02,3356.927,0.0,0.0,-5.46,0.0,XAUUSDm,[so 0.00%/-0.13/0.00],
894118124,2157214402,2025-06-20 13:25:19,1750425919698,0,1,0,2156913164,6,0.02,3356.927,0.0,0.0,-5.05,0.0,XAUUSDm,[so 0.00%/-0.13/0.00],
894118125,2157214403,2025-06-20 13:25:19,1750425919699,0,1,0,2156913501,6,0.02,3356.927,0.0,0.0,-5.05,0.0,XAUUSDm,[so 0.00%/-0.13/0.00],
894118130,2157214404,2025-06-20 13:25:19,1750425919701,0,1,0,2156923096,6,0.02,3356.927,0.0,0.0,-4.44,0.0,XAUUSDm,[so 0.00%/-0.13/0.00],
897867461,2161027017,2025-06-24 02:20:35,1750731635030,0,0,0,2161027017,0,0.02,3347.8,0.0,0.0,0.0,0.0,XAUUSDm,,proactive
897868395,2161019554,2025-06-24 02:21:15,1750731675327,0,0,0,2161019554,0,0.02,3346.8,0.0,0.0,0.0,0.0,XAUUSDm,,proactive
897868398,2161027509,2025-06-24 02:21:15,1750731675327,0,0,0,2161027509,0,0.02,3346.8,0.0,0.0,0.0,0.0,XAUUSDm,,proactive
897870796,2161032352,2025-06-24 02:24:05,1750731845166,0,0,0,2161032352,1,0.02,3347.507,0.0,0.0,0.0,0.0,XAUUSDm,,
897873573,2161035192,2025-06-24 02:29:13,1750732153761,0,0,0,2161035192,1,0.02,3346.876,0.0,0.0,0.0,0.0,XAUUSDm,,
897925046,2161086335,2025-06-24 04:02:37,1750737757761,0,0,0,2161086335,1,0.02,3351.11,0.0,0.0,0.0,0.0,XAUUSDm,,
897925086,2161086376,2025-06-24 04:02:41,1750737761674,0,0,0,2161086376,1,0.02,3351.01,0.0,0.0,0.0,0.0,XAUUSDm,,
897925362,0,2025-06-24 04:02:44,1750737764941,1,1,0,2161019554,4,0.02,3350.4,0.0,0.0,7.2,0.0,XAUUSDm,[sl 3350.40000],proactive
897925366,2161086599,2025-06-24 04:02:44,1750737764941,1,1,0,2161035192,4,0.02,3350.344,0.0,0.0,6.9399999999999995,0.0,XAUUSDm,[sl 3350.400],
897925367,2161086596,2025-06-24 04:02:44,1750737764941,1,1,0,2161027017,4,0.02,3350.4,0.0,0.0,5.2,0.0,XAUUSDm,[sl 3350.400],
897925368,2161086597,2025-06-24 04:02:44,1750737764942,1,1,0,2161027509,4,0.02,3350.4,0.0,0.0,7.2,0.0,XAUUSDm,[sl 3350.400],
897925372,2161086598,2025-06-24 04:02:44,1750737764942,1,1,0,2161032352,4,0.02,3350.344,0.0,0.0,5.68,0.0,XAUUSDm,[sl 3350.400],
897927768,2161088834,2025-06-24 04:03:57,1750737837422,1,1,0,2161086376,1,0.02,3350.468,0.0,0.0,-1.08,0.0,XAUUSDm,,
897927828,2161088895,2025-06-24 04:04:01,1750737841824,1,1,0,2161086335,1,0.02,3350.605,0.0,0.0,-1.01,0.0,XAUUSDm,,
897940587,2161101681,2025-06-24 04:22:12,1750738932198,0,0,0,2161101681,1,0.02,3349.952,0.0,0.0,0.0,0.0,XAUUSDm,,
897940705,2161101802,2025-06-24 04:22:30,1750738950878,0,0,0,2161101802,1,0.02,3350.004,0.0,0.0,0.0,0.0,XAUUSDm,,
897940857,2161101957,2025-06-24 04:22:55,1750738975368,0,0,0,2161101957,1,0.02,3349.554,0.0,0.0,0.0,0.0,XAUUSDm,,
897941320,2161102423,2025-06-24 04:23:52,1750739032591,0,0,0,2161102423,1,0.02,3349.331,0.0,0.0,0.0,0.0,XAUUSDm,,
897941880,2161101876,2025-06-24 04:24:51,1750739091466,0,0,0,2161101876,0,0.02,3348.8,0.0,0.0,0.0,0.0,XAUUSDm,,proactive
897944840,2161106001,2025-06-24 04:31:45,1750739505641,0,0,0,2161106001,1,0.02,3348.7490000000003,0.0,0.0,0.0,0.0,XAUUSDm,,
897960948,2161122104,2025-06-24 05:05:11,1750741511674,1,1,0,2161106001,4,0.02,3346.4,0.0,0.0,-4.7,0.0,XAUUSDm,[sl 3346.400],
897960949,0,2025-06-24 05:05:11,1750741511675,1,1,0,2161101957,4,0.02,3346.4,0.0,0.0,-6.31,0.0,XAUUSDm,[sl 3346.40000],proactive
897960950,2161122102,2025-06-24 05:05:11,1750741511675,1,1,0,2161102423,4,0.02,3346.4,0.0,0.0,-5.86,0.0,XAUUSDm,[sl 3346.400],
897960951,0,2025-06-24 05:05:11,1750741511675,1,1,0,2161101876,4,0.02,3346.4,0.0,0.0,-4.8,0.0,XAUUSDm,[sl 3346.40000],proactive
897960952,2161122099,2025-06-24 05:05:11,1750741511676,1,1,0,2161101802,4,0.02,3346.4,0.0,0.0,-7.21,0.0,XAUUSDm,[sl 3346.400],
897960953,0,2025-06-24 05:05:11,1750741511675,1,1,0,2161101681,4,0.02,3346.4,0.0,0.0,-7.1,0.0,XAUUSDm,[sl 3346.40000],proactive
898054051,2161213058,2025-06-24 05:56:25,1750744585570,0,0,0,2161213058,0,0.02,3329.8,0.0,0.0,0.0,0.0,XAUUSDm,,proactive
898054419,2161213417,2025-06-24 05:56:40,1750744600438,0,0,0,2161213417,0,0.02,3328.8,0.0,0.0,0.0,0.0,XAUUSDm,,proactive
898054420,2161212502,2025-06-24 05:56:40,1750744600438,0,0,0,2161212502,0,0.02,3328.8,0.0,0.0,0.0,0.0,XAUUSDm,,proactive
898068959,2161228047,2025-06-24 06:04:27,1750745067648,0,0,0,2161228047,1,0.02,3330.4790000000003,0.0,0.0,0.0,0.0,XAUUSDm,,
898071239,2161230356,2025-06-24 06:06:26,1750745186997,0,0,0,2161230356,1,0.02,3330.439,0.0,0.0,0.0,0.0,XAUUSDm,,
898079634,2161238636,2025-06-24 06:10:17,1750745417188,1,1,0,2161228047,6,0.02,3326.408,0.0,0.0,-8.14,0.0,XAUUSDm,[so 0.00%/-0.36/0.00],
898079638,2161238642,2025-06-24 06:10:17,1750745417189,1,1,0,2161230356,6,0.02,3326.408,0.0,0.0,-8.06,0.0,XAUUSDm,[so 0.00%/-0.36/0.00],
898079641,2161238645,2025-06-24 06:10:17,1750745417190,1,1,0,2161213058,6,0.02,3326.408,0.0,0.0,-6.78,0.0,XAUUSDm,[so 0.00%/-0.36/0.00],
898079644,2161238648,2025-06-24 06:10:17,1750745417191,1,1,0,2161212502,6,0.02,3326.408,0.0,0.0,-4.78,0.0,XAUUSDm,[so 0.00%/-0.36/0.00],
898079647,2161238651,2025-06-24 06:10:17,1750745417192,1,1,0,2161213417,6,0.02,3326.408,0.0,0.0,-4.78,0.0,XAUUSDm,[so 0.00%/-0.36/0.00],
905534362,2168869562,2025-06-30 08:28:50,1751272130916,1,0,0,2168869562,1,0.02,3292.962,0.0,0.0,0.0,0.0,XAUUSDm,,
905534579,2168869767,2025-06-30 08:29:04,1751272144867,1,0,0,2168869767,1,0.02,3292.939,0.0,0.0,0.0,0.0,XAUUSDm,,
905535018,2168870221,2025-06-30 08:29:53,1751272193377,1,0,0,2168870221,1,0.02,3293.106,0.0,0.0,0.0,0.0,XAUUSDm,,
905536613,2168869743,2025-06-30 08:31:44,1751272304646,1,0,0,2168869743,0,0.02,3293.4,0.0,0.0,0.0,0.0,XAUUSDm,,proactive
905537033,2168872249,2025-06-30 08:32:03,1751272323169,1,0,0,2168872249,1,0.02,3293.295,0.0,0.0,0.0,0.0,XAUUSDm,,
905631163,0,2025-06-30 09:20:36,1751275236969,0,1,0,2168872249,4,0.02,3284.8,0.0,0.0,16.99,0.0,XAUUSDm,[sl 3284.80000],proactive
905631167,0,2025-06-30 09:20:36,1751275236969,0,1,0,2168869743,4,0.02,3284.8,0.0,0.0,17.2,0.0,XAUUSDm,[sl 3284.80000],proactive
905631170,2168966297,2025-06-30 09:20:36,1751275236973,0,1,0,2168869562,4,0.02,3284.8,0.0,0.0,16.32,0.0,XAUUSDm,[sl 3284.800],
905631173,2168966299,2025-06-30 09:20:36,1751275236974,0,1,0,2168869767,4,0.02,3284.8,0.0,0.0,16.28,0.0,XAUUSDm,[sl 3284.800],
905631174,2168966300,2025-06-30 09:20:36,1751275236974,0,1,0,2168870221,4,0.02,3284.8,0.0,0.0,16.61,0.0,XAUUSDm,[sl 3284.800],
905747389,2169084726,2025-06-30 10:28:58,1751279338745,1,0,0,2169084726,1,0.02,3285.294,0.0,0.0,0.0,0.0,XAUUSDm,,
905747927,2169085194,2025-06-30 10:29:04,1751279344495,1,0,0,2169085194,1,0.02,3284.835,0.0,0.0,0.0,0.0,XAUUSDm,,
905748596,2169085866,2025-06-30 10:29:15,1751279355645,1,0,0,2169085866,1,0.02,3284.7870000000003,0.0,0.0,0.0,0.0,XAUUSDm,,
905749125,2169086398,2025-06-30 10:29:36,1751279376816,1,0,0,2169086398,1,0.02,3285.368,0.0,0.0,0.0,0.0,XAUUSDm,,
905749333,2169086611,2025-06-30 10:29:52,1751279392975,1,0,0,2169086611,1,0.02,3285.788,0.0,0.0,0.0,0.0,XAUUSDm,,
905750094,2169087370,2025-06-30 10:30:14,1751279414615,1,0,0,2169087370,1,0.02,3286.387,0.0,0.0,0.0,0.0,XAUUSDm,,
905910313,0,2025-06-30 12:03:17,1751284997400,0,1,0,2169086611,4,0.02,3281.8,0.0,0.0,7.98,0.0,XAUUSDm,[sl 3281.80000],proactive
905910316,0,2025-06-30 12:03:17,1751284997400,0,1,0,2169085194,4,0.02,3281.8,0.0,0.0,6.07,0.0,XAUUSDm,[sl 3281.80000],proactive
905910318,0,2025-06-30 12:03:17,1751284997400,0,1,0,2169084726,4,0.02,3281.8,0.0,0.0,6.99,0.0,XAUUSDm,[sl 3281.80000],proactive
905910319,0,2025-06-30 12:03:17,1751284997400,0,1,0,2169085866,4,0.02,3281.8,0.0,0.0,5.97,0.0,XAUUSDm,[sl 3281.80000],proactive
905910320,0,2025-06-30 12:03:17,1751284997400,0,1,0,2169086398,4,0.02,3281.8,0.0,0.0,7.14,0.0,XAUUSDm,[sl 3281.80000],proactive
905910322,0,2025-06-30 12:03:17,1751284997400,0,1,0,2169087370,4,0.02,3281.8,0.0,0.0,9.17,0.0,XAUUSDm,[sl 3281.80000],proactive
905912440,2169256685,2025-06-30 12:04:11,1751285051781,1,0,0,2169256685,1,0.02,3281.393,0.0,0.0,0.0,0.0,XAUUSDm,,
905912633,2169256893,2025-06-30 12:04:16,1751285056912,1,0,0,2169256893,1,0.02,3281.134,0.0,0.0,0.0,0.0,XAUUSDm,,
905912719,2169257000,2025-06-30 12:04:21,1751285061746,1,0,0,2169257000,1,0.02,3281.439,0.0,0.0,0.0,0.0,XAUUSDm,,
905913051,2169257365,2025-06-30 12:04:38,1751285078981,1,0,0,2169257365,1,0.02,3281.583,0.0,0.0,0.0,0.0,XAUUSDm,,
905914015,2169258341,2025-06-30 12:04:55,1751285095941,1,0,0,2169258341,1,0.02,3282.03,0.0,0.0,0.0,0.0,XAUUSDm,,
905915901,2169260280,2025-06-30 12:06:04,1751285164622,1,0,0,2169260280,1,0.02,3281.5570000000002,0.0,0.0,0.0,0.0,XAUUSDm,,
905941179,0,2025-06-30 12:21:28,1751286088184,0,1,0,2169257000,4,0.02,3285.8,0.0,0.0,-8.72,0.0,XAUUSDm,[sl 3285.80000],proactive
905941182,0,2025-06-30 12:21:28,1751286088184,0,1,0,2169256685,4,0.02,3285.8,0.0,0.0,-8.81,0.0,XAUUSDm,[sl 3285.80000],proactive
905941184,0,2025-06-30 12:21:28,1751286088184,0,1,0,2169256893,4,0.02,3285.8,0.0,0.0,-9.33,0.0,XAUUSDm,[sl 3285.80000],proactive
905941185,0,2025-06-30 12:21:28,1751286088184,0,1,0,2169258341,4,0.02,3285.8,0.0,0.0,-7.54,0.0,XAUUSDm,[sl 3285.80000],proactive
905941186,2169285229,2025-06-30 12:21:28,1751286088187,0,1,0,2169260280,4,0.02,3285.8,0.0,0.0,-8.49,0.0,XAUUSDm,[sl 3285.800],
905947351,2169291485,2025-06-30 12:23:57,1751286237190,0,1,0,2169257365,1,0.02,3285.207,0.0,0.0,-7.24,0.0,XAUUSDm,,
905956661,2169300602,2025-06-30 12:26:08,1751286368428,0,0,0,2169300602,1,0.02,3284.2290000000003,0.0,0.0,0.0,0.0,XAUUSDm,,
905956774,2169300715,2025-06-30 12:26:12,1751286372575,0,0,0,2169300715,1,0.02,3284.301,0.0,0.0,0.0,0.0,XAUUSDm,,
905956993,2169300938,2025-06-30 12:26:17,1751286377591,0,0,0,2169300938,1,0.02,3284.86,0.0,0.0,0.0,0.0,XAUUSDm,,
905957234,2169301185,2025-06-30 12:26:26,1751286386031,0,0,0,2169301185,1,0.02,3284.4120000000003,0.0,0.0,0.0,0.0,XAUUSDm,,
905957976,2169301931,2025-06-30 12:26:49,1751286409909,0,0,0,2169301931,1,0.02,3284.411,0.0,0.0,0.0,0.0,XAUUSDm,,
905959772,2169303764,2025-06-30 12:27:53,1751286473081,0,0,0,2169303764,1,0.02,3283.924,0.0,0.0,0.0,0.0,XAUUSDm,,
905964170,2169308171,2025-06-30 12:30:28,1751286628000,0,0,0,2169308171,1,0.02,3283.369,0.0,0.0,0.0,0.0,XAUUSDm,,
906014560,2169360063,2025-06-30 12:53:10,1751287990448,0,0,0,2169360063,1,0.02,3285.859,0.0,0.0,0.0,0.0,XAUUSDm,,
906015089,2169360604,2025-06-30 12:53:34,1751288014312,0,0,0,2169360604,1,0.02,3285.581,0.0,0.0,0.0,0.0,XAUUSDm,,
906117242,0,2025-06-30 13:38:52,1751290732213,1,1,0,2169300602,4,0.02,3278.4,0.0,0.0,-11.66,0.0,XAUUSDm,[sl 3278.40000],proactive
906117245,0,2025-06-30 13:38:52,1751290732213,1,1,0,2169308171,4,0.02,3278.4,0.0,0.0,-9.94,0.0,XAUUSDm,[sl 3278.40000],proactive
906117246,0,2025-06-30 13:38:52,1751290732213,1,1,0,2169300938,4,0.02,3278.4,0.0,0.0,-12.92,0.0,XAUUSDm,[sl 3278.40000],proactive
906117247,0,2025-06-30 13:38:52,1751290732213,1,1,0,2169303764,4,0.02,3278.4,0.0,0.0,-11.05,0.0,XAUUSDm,[sl 3278.40000],proactive
906117248,0,2025-06-30 13:38:52,1751290732213,1,1,0,2169301931,4,0.02,3278.4,0.0,0.0,-12.02,0.0,XAUUSDm,[sl 3278.40000],proactive
906117249,0,2025-06-30 13:38:52,1751290732213,1,1,0,2169301185,4,0.02,3278.4,0.0,0.0,-12.02,0.0,XAUUSDm,[sl 3278.40000],proactive
906117250,0,2025-06-30 13:38:52,1751290732213,1,1,0,2169360063,4,0.02,3278.4,0.0,0.0,-14.92,0.0,XAUUSDm,[sl 3278.40000],proactive
906117251,0,2025-06-30 13:38:52,1751290732213,1,1,0,2169300715,4,0.02,3278.4,0.0,0.0,-11.8,0.0,XAUUSDm,[sl 3278.40000],proactive
906117252,0,2025-06-30 13:38:52,1751290732213,1,1,0,2169360604,4,0.02,3278.4,0.0,0.0,-14.36,0.0,XAUUSDm,[sl 3278.40000],proactive
907547262,2170927220,2025-07-01 10:13:57,1751364837214,1,0,0,2170927220,1,0.02,3347.288,0.0,0.0,0.0,0.0,XAUUSDm,,
907550612,2170930715,2025-07-01 10:15:56,1751364956904,1,0,0,2170930715,1,0.02,3347.7870000000003,0.0,0.0,0.0,0.0,XAUUSDm,,
907553162,2170933229,2025-07-01 10:17:16,1751365036914,1,0,0,2170933229,1,0.02,3348.035,0.0,0.0,0.0,0.0,XAUUSDm,,
907554129,2170927501,2025-07-01 10:17:55,1751365075233,1,0,0,2170927501,0,0.02,3348.4,0.0,0.0,0.0,0.0,XAUUSDm,,proactive
907563500,2170943495,2025-07-01 10:24:18,1751365458786,1,0,0,2170943495,1,0.02,3348.09,0.0,0.0,0.0,0.0,XAUUSDm,,
907563897,2170938409,2025-07-01 10:24:30,1751365470437,1,0,0,2170938409,0,0.02,3348.4,0.0,0.0,0.0,0.0,XAUUSDm,,proactive
907605352,2170985835,2025-07-01 10:55:32,1751367332873,1,0,0,2170985835,1,0.02,3348.6240000000003,0.0,0.0,0.0,0.0,XAUUSDm,,
907622794,2171002636,2025-07-01 11:04:44,1751367884231,0,1,0,2170927220,6,0.02,3351.106,0.0,0.0,-7.63,0.0,XAUUSDm,[so 0.00%/-0.26/0.00],
907622805,2171002641,2025-07-01 11:04:44,1751367884233,0,1,0,2170930715,6,0.02,3351.106,0.0,0.0,-6.64,0.0,XAUUSDm,[so 0.00%/-0.26/0.00],
907622809,2171002647,2025-07-01 11:04:44,1751367884234,0,1,0,2170933229,6,0.02,3351.106,0.0,0.0,-6.14,0.0,XAUUSDm,[so 0.00%/-0.26/0.00],
907622840,2171002651,2025-07-01 11:04:44,1751367884239,0,1,0,2170943495,6,0.02,3351.106,0.0,0.0,-6.03,0.0,XAUUSDm,[so 0.00%/-0.26/0.00],
907622953,2171002683,2025-07-01 11:04:44,1751367884252,0,1,0,2170927501,6,0.02,3351.141,0.0,0.0,-5.48,0.0,XAUUSDm,[so 0.00%/-0.47/0.00],
907622966,2171002731,2025-07-01 11:04:44,1751367884255,0,1,0,2170938409,6,0.02,3351.165,0.0,0.0,-5.53,0.0,XAUUSDm,[so 0.00%/-0.57/0.00],
907622972,2171002735,2025-07-01 11:04:44,1751367884257,0,1,0,2170985835,6,0.02,3351.165,0.0,0.0,-5.08,0.0,XAUUSDm,[so 0.00%/-0.57/0.00],
914275149,2177794407,2025-07-07 08:09:53,1751875793119,1,0,0,2177794407,0,0.02,3305.4,0.0,0.0,0.0,0.0,XAUUSDm,,proactive
914283939,2177794639,2025-07-07 08:13:49,1751876029547,1,0,0,2177794639,0,0.02,3306.4,0.0,0.0,0.0,0.0,XAUUSDm,,proactive
914283940,2177794297,2025-07-07 08:13:49,1751876029547,1,0,0,2177794297,0,0.02,3306.4,0.0,0.0,0.0,0.0,XAUUSDm,,proactive
914285824,2177816957,2025-07-07 08:14:33,1751876073508,1,0,0,2177816957,1,0.02,3306.552,0.0,0.0,0.0,0.0,XAUUSDm,,
914288694,2177794895,2025-07-07 08:15:43,1751876143347,1,0,0,2177794895,0,0.02,3307.4,0.0,0.0,0.0,0.0,XAUUSDm,,proactive
914299358,2177795116,2025-07-07 08:22:19,1751876539731,1,0,0,2177795116,0,0.02,3308.4,0.0,0.0,0.0,0.0,XAUUSDm,,proactive
914304643,2177835893,2025-07-07 08:24:45,1751876685640,0,1,0,2177794407,6,0.02,3309.949,0.0,0.0,-9.1,0.0,XAUUSDm,[so 0.00%/-0.27/0.00],
914304644,2177835894,2025-07-07 08:24:45,1751876685641,0,1,0,2177794297,6,0.02,3309.949,0.0,0.0,-7.1,0.0,XAUUSDm,[so 0.00%/-0.27/0.00],
914304645,2177835895,2025-07-07 08:24:45,1751876685642,0,1,0,2177794639,6,0.02,3309.949,0.0,0.0,-7.1,0.0,XAUUSDm,[so 0.00%/-0.27/0.00],
914304646,2177835896,2025-07-07 08:24:45,1751876685642,0,1,0,2177816957,6,0.02,3309.949,0.0,0.0,-6.8,0.0,XAUUSDm,[so 0.00%/-0.27/0.00],
914304648,2177835897,2025-07-07 08:24:45,1751876685643,0,1,0,2177794895,6,0.02,3309.949,0.0,0.0,-5.1,0.0,XAUUSDm,[so 0.00%/-0.27/0.00],
914304649,2177835898,2025-07-07 08:24:45,1751876685644,0,1,0,2177795116,6,0.02,3309.949,0.0,0.0,-3.1,0.0,XAUUSDm,[so 0.00%/-0.27/0.00],
919251511,2182810436,2025-07-10 01:11:24,1752109884513,1,0,0,2182810436,1,0.02,3320.771,0.0,0.0,0.0,0.0,XAUUSDm,,
919251566,2182810486,2025-07-10 01:11:27,1752109887103,1,0,0,2182810486,1,0.02,3320.606,0.0,0.0,0.0,0.0,XAUUSDm,,
919253588,2182810999,2025-07-10 01:13:02,1752109982871,1,0,0,2182810999,0,0.02,3322.4,0.0,0.0,0.0,0.0,XAUUSDm,,proactive
919255881,2182814595,2025-07-10 01:15:27,1752110127564,1,0,0,2182814595,1,0.02,3322.161,0.0,0.0,0.0,0.0,XAUUSDm,,
919264433,2182810735,2025-07-10 01:28:53,1752110933364,1,0,0,2182810735,0,0.02,3324.4,0.0,0.0,0.0,0.0,XAUUSDm,,proactive
919271834,2182830146,2025-07-10 01:39:34,1752111574745,0,1,0,2182810486,6,0.02,3325.923,0.0,0.0,-10.64,0.0,XAUUSDm,[so 0.00%/-0.55/0.00],
919271838,2182830152,2025-07-10 01:39:34,1752111574746,0,1,0,2182810436,6,0.02,3325.923,0.0,0.0,-10.31,0.0,XAUUSDm,[so 0.00%/-0.55/0.00],
919271840,2182830155,2025-07-10 01:39:34,1752111574747,0,1,0,2182814595,6,0.02,3325.923,0.0,0.0,-7.53,0.0,XAUUSDm,[so 0.00%/-0.55/0.00],
919271848,2182830157,2025-07-10 01:39:34,1752111574749,0,1,0,2182810999,6,0.02,3325.923,0.0,0.0,-7.05,0.0,XAUUSDm,[so 0.00%/-0.55/0.00],
919271855,2182830166,2025-07-10 01:39:34,1752111574751,0,1,0,2182810735,6,0.02,3325.953,0.0,0.0,-3.11,0.0,XAUUSDm,[so 0.00%/-0.55/0.00],
